"","comments_test_pred_locus","comments_test_labels_locus"
"1","2_copyedit","2_copyedit"
"2","4_specific","4_specific"
"3","6_holistic","4_specific"
"4","2_copyedit","4_specific"
"5","2_copyedit","2_copyedit"
"6","3_general","3_general"
"7","2_copyedit","4_specific"
"8","3_general","6_holistic"
"9","1_pointer","1_pointer"
"10","4_specific","4_specific"
"11","3_general","3_general"
"12","4_specific","4_specific"
"13","2_copyedit","2_copyedit"
"14","2_copyedit","4_specific"
"15","3_general","3_general"
"16","4_specific","2_copyedit"
"17","3_general","6_holistic"
"18","3_general","6_holistic"
"19","2_copyedit","2_copyedit"
"20","1_pointer","2_copyedit"
"21","4_specific","4_specific"
"22","4_specific","4_specific"
"23","4_specific","4_specific"
"24","4_specific","4_specific"
"25","2_copyedit","2_copyedit"
"26","2_copyedit","2_copyedit"
"27","2_copyedit","4_specific"
"28","4_specific","4_specific"
"29","1_pointer","4_specific"
"30","2_copyedit","2_copyedit"
"31","2_copyedit","2_copyedit"
"32","1_pointer","3_general"
"33","3_general","6_holistic"
"34","3_general","3_general"
"35","2_copyedit","2_copyedit"
"36","3_general","2_copyedit"
"37","3_general","3_general"
"38","8_nobasis","8_nobasis"
"39","2_copyedit","4_specific"
"40","2_copyedit","2_copyedit"
"41","4_specific","4_specific"
"42","2_copyedit","2_copyedit"
"43","4_specific","4_specific"
"44","2_copyedit","4_specific"
"45","4_specific","4_specific"
"46","4_specific","4_specific"
"47","2_copyedit","4_specific"
"48","2_copyedit","2_copyedit"
"49","3_general","3_general"
"50","2_copyedit","4_specific"
"51","2_copyedit","2_copyedit"
"52","3_general","3_general"
"53","2_copyedit","2_copyedit"
"54","2_copyedit","2_copyedit"
"55","2_copyedit","4_specific"
"56","2_copyedit","4_specific"
"57","3_general","3_general"
"58","3_general","3_general"
"59","3_general","3_general"
"60","3_general","4_specific"
"61","4_specific","4_specific"
"62","2_copyedit","4_specific"
"63","2_copyedit","2_copyedit"
"64","2_copyedit","2_copyedit"
"65","2_copyedit","2_copyedit"
"66","4_specific","2_copyedit"
"67","4_specific","4_specific"
"68","3_general","3_general"
"69","4_specific","4_specific"
"70","3_general","3_general"
"71","2_copyedit","2_copyedit"
"72","3_general","4_specific"
"73","2_copyedit","2_copyedit"
"74","4_specific","4_specific"
"75","3_general","4_specific"
"76","2_copyedit","4_specific"
"77","2_copyedit","4_specific"
"78","3_general","4_specific"
"79","4_specific","4_specific"
"80","1_pointer","3_general"
"81","4_specific","2_copyedit"
"82","4_specific","2_copyedit"
"83","4_specific","4_specific"
"84","2_copyedit","2_copyedit"
"85","6_holistic","4_specific"
"86","4_specific","4_specific"
"87","4_specific","4_specific"
"88","4_specific","4_specific"
"89","4_specific","4_specific"
"90","1_pointer","2_copyedit"
"91","2_copyedit","2_copyedit"
"92","3_general","4_specific"
"93","4_specific","3_general"
"94","3_general","4_specific"
"95","4_specific","4_specific"
"96","4_specific","4_specific"
"97","2_copyedit","4_specific"
"98","2_copyedit","2_copyedit"
"99","4_specific","6_holistic"
"100","3_general","2_copyedit"
"101","4_specific","4_specific"
"102","2_copyedit","2_copyedit"
"103","4_specific","3_general"
"104","3_general","3_general"
"105","2_copyedit","2_copyedit"
"106","3_general","4_specific"
"107","2_copyedit","4_specific"
"108","3_general","2_copyedit"
"109","2_copyedit","2_copyedit"
"110","2_copyedit","2_copyedit"
"111","2_copyedit","3_general"
"112","2_copyedit","4_specific"
"113","2_copyedit","4_specific"
"114","3_general","3_general"
"115","2_copyedit","2_copyedit"
"116","4_specific","4_specific"
"117","4_specific","4_specific"
"118","2_copyedit","8_nobasis"
"119","1_pointer","2_copyedit"
"120","2_copyedit","2_copyedit"
"121","2_copyedit","3_general"
"122","4_specific","4_specific"
"123","4_specific","3_general"
"124","4_specific","3_general"
"125","4_specific","4_specific"
"126","4_specific","4_specific"
"127","2_copyedit","2_copyedit"
"128","3_general","3_general"
"129","4_specific","4_specific"
"130","4_specific","3_general"
"131","4_specific","4_specific"
"132","4_specific","4_specific"
"133","2_copyedit","4_specific"
"134","2_copyedit","4_specific"
"135","2_copyedit","2_copyedit"
"136","4_specific","4_specific"
"137","2_copyedit","4_specific"
"138","3_general","3_general"
"139","4_specific","4_specific"
"140","1_pointer","2_copyedit"
"141","2_copyedit","4_specific"
"142","4_specific","4_specific"
"143","2_copyedit","4_specific"
"144","2_copyedit","4_specific"
"145","3_general","3_general"
"146","4_specific","3_general"
"147","3_general","4_specific"
"148","4_specific","4_specific"
"149","1_pointer","2_copyedit"
"150","2_copyedit","2_copyedit"
"151","6_holistic","4_specific"
"152","3_general","3_general"
"153","3_general","4_specific"
"154","3_general","3_general"
"155","3_general","3_general"
"156","4_specific","4_specific"
"157","4_specific","2_copyedit"
"158","3_general","3_general"
"159","2_copyedit","2_copyedit"
"160","3_general","2_copyedit"
"161","6_holistic","4_specific"
"162","2_copyedit","4_specific"
"163","4_specific","6_holistic"
"164","2_copyedit","2_copyedit"
"165","3_general","4_specific"
"166","2_copyedit","3_general"
"167","4_specific","4_specific"
"168","3_general","4_specific"
"169","2_copyedit","2_copyedit"
"170","4_specific","4_specific"
"171","2_copyedit","2_copyedit"
"172","2_copyedit","2_copyedit"
"173","4_specific","4_specific"
"174","2_copyedit","4_specific"
"175","3_general","4_specific"
"176","3_general","3_general"
"177","4_specific","4_specific"
"178","2_copyedit","4_specific"
"179","4_specific","3_general"
"180","4_specific","3_general"
"181","4_specific","3_general"
"182","2_copyedit","3_general"
"183","3_general","3_general"
"184","2_copyedit","2_copyedit"
"185","2_copyedit","2_copyedit"
"186","2_copyedit","3_general"
"187","2_copyedit","4_specific"
"188","4_specific","3_general"
"189","3_general","4_specific"
"190","1_pointer","1_pointer"
"191","3_general","3_general"
"192","3_general","3_general"
"193","6_holistic","4_specific"
"194","3_general","3_general"
"195","3_general","3_general"
"196","2_copyedit","4_specific"
"197","3_general","4_specific"
"198","2_copyedit","4_specific"
"199","2_copyedit","2_copyedit"
"200","4_specific","4_specific"
"201","2_copyedit","2_copyedit"
"202","3_general","3_general"
"203","4_specific","4_specific"
"204","4_specific","4_specific"
"205","2_copyedit","2_copyedit"
"206","3_general","3_general"
"207","4_specific","4_specific"
"208","4_specific","4_specific"
"209","2_copyedit","3_general"
"210","2_copyedit","4_specific"
"211","2_copyedit","2_copyedit"
"212","2_copyedit","2_copyedit"
"213","3_general","3_general"
"214","6_holistic","6_holistic"
"215","3_general","3_general"
"216","3_general","3_general"
"217","3_general","4_specific"
"218","4_specific","4_specific"
"219","6_holistic","4_specific"
"220","4_specific","4_specific"
"221","2_copyedit","2_copyedit"
"222","2_copyedit","2_copyedit"
"223","4_specific","4_specific"
"224","2_copyedit","3_general"
"225","4_specific","4_specific"
"226","6_holistic","6_holistic"
"227","4_specific","2_copyedit"
"228","6_holistic","6_holistic"
"229","4_specific","6_holistic"
"230","6_holistic","4_specific"
"231","1_pointer","1_pointer"
"232","2_copyedit","6_holistic"
"233","3_general","3_general"
"234","6_holistic","6_holistic"
"235","6_holistic","6_holistic"
"236","2_copyedit","4_specific"
"237","1_pointer","4_specific"
"238","4_specific","4_specific"
"239","2_copyedit","2_copyedit"
"240","6_holistic","4_specific"
"241","4_specific","6_holistic"
"242","2_copyedit","2_copyedit"
"243","2_copyedit","2_copyedit"
"244","2_copyedit","4_specific"
"245","2_copyedit","2_copyedit"
"246","4_specific","4_specific"
"247","2_copyedit","2_copyedit"
"248","2_copyedit","2_copyedit"
"249","2_copyedit","2_copyedit"
"250","4_specific","4_specific"
"251","2_copyedit","2_copyedit"
"252","1_pointer","4_specific"
"253","4_specific","4_specific"
"254","2_copyedit","2_copyedit"
"255","4_specific","6_holistic"
"256","1_pointer","1_pointer"
"257","4_specific","3_general"
"258","4_specific","2_copyedit"
"259","2_copyedit","2_copyedit"
"260","3_general","3_general"
"261","2_copyedit","2_copyedit"
"262","3_general","4_specific"
"263","6_holistic","6_holistic"
"264","3_general","3_general"
"265","4_specific","4_specific"
"266","6_holistic","3_general"
"267","4_specific","3_general"
"268","6_holistic","4_specific"
"269","1_pointer","2_copyedit"
"270","1_pointer","2_copyedit"
"271","4_specific","4_specific"
"272","2_copyedit","2_copyedit"
"273","2_copyedit","4_specific"
"274","3_general","3_general"
"275","4_specific","4_specific"
"276","4_specific","4_specific"
"277","4_specific","4_specific"
"278","4_specific","4_specific"
"279","1_pointer","8_nobasis"
"280","1_pointer","2_copyedit"
"281","8_nobasis","4_specific"
"282","2_copyedit","2_copyedit"
"283","1_pointer","3_general"
"284","4_specific","4_specific"
"285","3_general","3_general"
"286","2_copyedit","2_copyedit"
"287","2_copyedit","4_specific"
"288","3_general","4_specific"
"289","2_copyedit","2_copyedit"
"290","2_copyedit","4_specific"
"291","2_copyedit","2_copyedit"
"292","2_copyedit","4_specific"
"293","4_specific","4_specific"
"294","2_copyedit","4_specific"
"295","3_general","2_copyedit"
"296","8_nobasis","8_nobasis"
"297","2_copyedit","2_copyedit"
"298","1_pointer","1_pointer"
"299","2_copyedit","2_copyedit"
"300","2_copyedit","2_copyedit"
"301","8_nobasis","2_copyedit"
"302","3_general","3_general"
"303","2_copyedit","2_copyedit"
"304","3_general","3_general"
"305","6_holistic","6_holistic"
"306","4_specific","4_specific"
"307","2_copyedit","4_specific"
"308","4_specific","4_specific"
"309","6_holistic","4_specific"
"310","2_copyedit","2_copyedit"
"311","3_general","4_specific"
"312","3_general","4_specific"
"313","2_copyedit","2_copyedit"
"314","3_general","3_general"
"315","2_copyedit","2_copyedit"
"316","3_general","3_general"
"317","2_copyedit","4_specific"
"318","6_holistic","4_specific"
"319","8_nobasis","8_nobasis"
"320","4_specific","3_general"
"321","1_pointer","3_general"
"322","2_copyedit","3_general"
"323","4_specific","4_specific"
"324","3_general","3_general"
"325","3_general","3_general"
"326","6_holistic","2_copyedit"
"327","3_general","3_general"
"328","3_general","6_holistic"
"329","4_specific","4_specific"
"330","3_general","2_copyedit"
"331","2_copyedit","2_copyedit"
"332","3_general","3_general"
"333","2_copyedit","2_copyedit"
"334","4_specific","4_specific"
"335","4_specific","3_general"
"336","3_general","3_general"
"337","4_specific","4_specific"
"338","2_copyedit","2_copyedit"
"339","2_copyedit","2_copyedit"
"340","4_specific","3_general"
"341","2_copyedit","2_copyedit"
"342","2_copyedit","2_copyedit"
"343","2_copyedit","2_copyedit"
"344","6_holistic","4_specific"
"345","4_specific","4_specific"
"346","3_general","3_general"
"347","2_copyedit","2_copyedit"
"348","3_general","3_general"
"349","2_copyedit","4_specific"
"350","2_copyedit","2_copyedit"
"351","3_general","3_general"
"352","2_copyedit","3_general"
"353","3_general","3_general"
"354","3_general","3_general"
"355","4_specific","4_specific"
"356","2_copyedit","2_copyedit"
"357","3_general","3_general"
"358","2_copyedit","2_copyedit"
"359","4_specific","2_copyedit"
"360","4_specific","4_specific"
"361","2_copyedit","4_specific"
"362","2_copyedit","2_copyedit"
"363","4_specific","6_holistic"
"364","3_general","3_general"
"365","4_specific","2_copyedit"
"366","4_specific","4_specific"
"367","4_specific","4_specific"
"368","2_copyedit","2_copyedit"
"369","6_holistic","4_specific"
"370","4_specific","3_general"
"371","3_general","3_general"
"372","2_copyedit","4_specific"
"373","4_specific","2_copyedit"
"374","4_specific","2_copyedit"
"375","2_copyedit","2_copyedit"
"376","3_general","3_general"
"377","2_copyedit","2_copyedit"
"378","6_holistic","6_holistic"
"379","3_general","3_general"
"380","3_general","3_general"
"381","4_specific","4_specific"
"382","4_specific","4_specific"
"383","3_general","3_general"
"384","3_general","4_specific"
"385","3_general","4_specific"
"386","4_specific","4_specific"
"387","4_specific","4_specific"
"388","4_specific","4_specific"
"389","2_copyedit","3_general"
"390","8_nobasis","8_nobasis"
"391","4_specific","4_specific"
"392","4_specific","4_specific"
"393","3_general","3_general"
"394","4_specific","2_copyedit"
"395","3_general","3_general"
"396","4_specific","4_specific"
"397","4_specific","3_general"
"398","2_copyedit","2_copyedit"
"399","2_copyedit","4_specific"
"400","4_specific","4_specific"
"401","3_general","4_specific"
"402","4_specific","2_copyedit"
"403","2_copyedit","2_copyedit"
"404","2_copyedit","2_copyedit"
"405","2_copyedit","2_copyedit"
"406","2_copyedit","4_specific"
"407","4_specific","4_specific"
"408","3_general","3_general"
"409","2_copyedit","2_copyedit"
"410","2_copyedit","4_specific"
"411","8_nobasis","2_copyedit"
"412","4_specific","4_specific"
"413","2_copyedit","2_copyedit"
"414","3_general","3_general"
"415","4_specific","4_specific"
"416","2_copyedit","2_copyedit"
"417","6_holistic","4_specific"
"418","6_holistic","4_specific"
"419","4_specific","4_specific"
"420","2_copyedit","4_specific"
"421","2_copyedit","4_specific"
"422","6_holistic","4_specific"
"423","6_holistic","6_holistic"
"424","2_copyedit","3_general"
"425","3_general","3_general"
"426","6_holistic","4_specific"
"427","1_pointer","2_copyedit"
"428","4_specific","4_specific"
"429","4_specific","4_specific"
"430","6_holistic","4_specific"
"431","3_general","4_specific"
"432","4_specific","3_general"
"433","4_specific","2_copyedit"
"434","2_copyedit","2_copyedit"
"435","4_specific","2_copyedit"
"436","1_pointer","2_copyedit"
"437","4_specific","4_specific"
"438","2_copyedit","4_specific"
"439","1_pointer","3_general"
"440","2_copyedit","2_copyedit"
"441","2_copyedit","2_copyedit"
"442","2_copyedit","4_specific"
"443","4_specific","4_specific"
"444","3_general","4_specific"
"445","3_general","4_specific"
"446","1_pointer","2_copyedit"
"447","2_copyedit","4_specific"
"448","4_specific","2_copyedit"
"449","2_copyedit","4_specific"
"450","2_copyedit","2_copyedit"
"451","1_pointer","4_specific"
"452","4_specific","4_specific"
"453","4_specific","4_specific"
"454","3_general","2_copyedit"
"455","4_specific","4_specific"
"456","3_general","4_specific"
"457","3_general","3_general"
"458","4_specific","4_specific"
"459","2_copyedit","4_specific"
"460","1_pointer","2_copyedit"
"461","2_copyedit","2_copyedit"
"462","4_specific","2_copyedit"
"463","2_copyedit","4_specific"
"464","4_specific","3_general"
"465","2_copyedit","4_specific"
"466","6_holistic","4_specific"
"467","3_general","3_general"
"468","2_copyedit","4_specific"
"469","4_specific","4_specific"
"470","2_copyedit","4_specific"
"471","3_general","2_copyedit"
"472","3_general","2_copyedit"
"473","4_specific","3_general"
"474","2_copyedit","3_general"
"475","4_specific","3_general"
"476","4_specific","4_specific"
"477","4_specific","4_specific"
"478","3_general","3_general"
"479","2_copyedit","2_copyedit"
"480","4_specific","3_general"
"481","3_general","3_general"
"482","4_specific","4_specific"
"483","2_copyedit","2_copyedit"
"484","2_copyedit","2_copyedit"
"485","4_specific","3_general"
"486","2_copyedit","6_holistic"
"487","4_specific","4_specific"
"488","4_specific","4_specific"
"489","1_pointer","4_specific"
"490","3_general","3_general"
"491","3_general","4_specific"
"492","3_general","4_specific"
"493","4_specific","4_specific"
"494","2_copyedit","2_copyedit"
"495","1_pointer","2_copyedit"
"496","4_specific","3_general"
"497","2_copyedit","3_general"
"498","2_copyedit","3_general"
"499","2_copyedit","4_specific"
"500","4_specific","4_specific"
"501","2_copyedit","2_copyedit"
"502","4_specific","2_copyedit"
"503","4_specific","2_copyedit"
"504","4_specific","4_specific"
"505","3_general","3_general"
"506","2_copyedit","2_copyedit"
"507","4_specific","4_specific"
"508","2_copyedit","2_copyedit"
"509","2_copyedit","2_copyedit"
"510","3_general","3_general"
"511","2_copyedit","4_specific"
"512","2_copyedit","4_specific"
"513","4_specific","4_specific"
"514","2_copyedit","2_copyedit"
"515","2_copyedit","4_specific"
"516","3_general","3_general"
"517","4_specific","4_specific"
"518","4_specific","4_specific"
"519","3_general","3_general"
"520","3_general","3_general"
"521","2_copyedit","2_copyedit"
"522","4_specific","4_specific"
"523","2_copyedit","2_copyedit"
"524","2_copyedit","4_specific"
"525","4_specific","4_specific"
"526","4_specific","2_copyedit"
"527","3_general","4_specific"
"528","3_general","4_specific"
"529","2_copyedit","2_copyedit"
"530","4_specific","4_specific"
"531","3_general","3_general"
"532","2_copyedit","3_general"
"533","4_specific","4_specific"
"534","2_copyedit","2_copyedit"
"535","2_copyedit","4_specific"
"536","4_specific","4_specific"
"537","3_general","3_general"
"538","2_copyedit","3_general"
"539","2_copyedit","4_specific"
"540","2_copyedit","2_copyedit"
"541","2_copyedit","4_specific"
"542","2_copyedit","2_copyedit"
"543","4_specific","2_copyedit"
"544","3_general","4_specific"
"545","2_copyedit","6_holistic"
"546","2_copyedit","2_copyedit"
"547","2_copyedit","2_copyedit"
"548","3_general","3_general"
"549","2_copyedit","4_specific"
"550","3_general","3_general"
"551","3_general","3_general"
"552","4_specific","4_specific"
"553","4_specific","4_specific"
"554","3_general","3_general"
"555","2_copyedit","3_general"
"556","3_general","3_general"
"557","2_copyedit","2_copyedit"
"558","4_specific","3_general"
"559","3_general","3_general"
"560","4_specific","4_specific"
"561","4_specific","3_general"
"562","3_general","4_specific"
"563","4_specific","4_specific"
"564","4_specific","2_copyedit"
"565","2_copyedit","3_general"
"566","2_copyedit","2_copyedit"
"567","2_copyedit","2_copyedit"
"568","2_copyedit","2_copyedit"
"569","3_general","2_copyedit"
"570","4_specific","4_specific"
"571","2_copyedit","2_copyedit"
"572","3_general","4_specific"
"573","2_copyedit","2_copyedit"
"574","4_specific","4_specific"
"575","4_specific","2_copyedit"
"576","4_specific","4_specific"
"577","4_specific","4_specific"
"578","2_copyedit","2_copyedit"
"579","2_copyedit","2_copyedit"
"580","2_copyedit","1_pointer"
"581","2_copyedit","2_copyedit"
"582","4_specific","4_specific"
"583","3_general","4_specific"
"584","2_copyedit","2_copyedit"
"585","2_copyedit","4_specific"
"586","4_specific","4_specific"
"587","3_general","3_general"
"588","3_general","4_specific"
"589","4_specific","2_copyedit"
"590","3_general","6_holistic"
"591","6_holistic","6_holistic"
"592","2_copyedit","4_specific"
"593","4_specific","4_specific"
"594","4_specific","4_specific"
"595","2_copyedit","4_specific"
"596","3_general","3_general"
"597","4_specific","4_specific"
"598","2_copyedit","3_general"
"599","6_holistic","2_copyedit"
"600","3_general","3_general"
"601","3_general","3_general"
"602","3_general","4_specific"
"603","4_specific","4_specific"
"604","2_copyedit","3_general"
"605","2_copyedit","4_specific"
"606","4_specific","4_specific"
"607","2_copyedit","2_copyedit"
"608","4_specific","3_general"
"609","2_copyedit","2_copyedit"
"610","3_general","3_general"
"611","4_specific","4_specific"
"612","4_specific","4_specific"
"613","4_specific","4_specific"
"614","2_copyedit","4_specific"
"615","4_specific","2_copyedit"
"616","2_copyedit","2_copyedit"
"617","4_specific","6_holistic"
"618","3_general","3_general"
"619","3_general","3_general"
"620","4_specific","4_specific"
"621","1_pointer","2_copyedit"
"622","2_copyedit","4_specific"
"623","6_holistic","6_holistic"
"624","2_copyedit","4_specific"
"625","2_copyedit","2_copyedit"
"626","2_copyedit","3_general"
"627","6_holistic","6_holistic"
"628","1_pointer","2_copyedit"
"629","4_specific","4_specific"
"630","4_specific","4_specific"
"631","4_specific","4_specific"
"632","4_specific","2_copyedit"
"633","4_specific","4_specific"
"634","2_copyedit","4_specific"
"635","4_specific","4_specific"
"636","2_copyedit","2_copyedit"
"637","2_copyedit","2_copyedit"
"638","4_specific","2_copyedit"
"639","4_specific","3_general"
"640","4_specific","4_specific"
"641","4_specific","2_copyedit"
"642","2_copyedit","3_general"
"643","6_holistic","4_specific"
"644","2_copyedit","2_copyedit"
"645","3_general","3_general"
"646","4_specific","4_specific"
"647","1_pointer","2_copyedit"
"648","2_copyedit","2_copyedit"
"649","3_general","4_specific"
"650","3_general","2_copyedit"
"651","2_copyedit","4_specific"
"652","4_specific","4_specific"
"653","3_general","3_general"
"654","4_specific","3_general"
"655","4_specific","4_specific"
"656","4_specific","3_general"
"657","6_holistic","6_holistic"
"658","4_specific","4_specific"
"659","4_specific","2_copyedit"
"660","2_copyedit","3_general"
"661","2_copyedit","2_copyedit"
"662","2_copyedit","4_specific"
"663","6_holistic","4_specific"
"664","3_general","4_specific"
"665","3_general","3_general"
"666","3_general","3_general"
"667","4_specific","4_specific"
"668","2_copyedit","2_copyedit"
"669","3_general","4_specific"
"670","4_specific","4_specific"
"671","2_copyedit","4_specific"
"672","2_copyedit","2_copyedit"
"673","2_copyedit","2_copyedit"
"674","6_holistic","3_general"
"675","3_general","4_specific"
"676","4_specific","2_copyedit"
"677","4_specific","4_specific"
"678","4_specific","2_copyedit"
"679","3_general","3_general"
"680","1_pointer","2_copyedit"
"681","4_specific","4_specific"
"682","3_general","6_holistic"
"683","6_holistic","6_holistic"
"684","6_holistic","3_general"
"685","3_general","3_general"
"686","3_general","3_general"
"687","4_specific","4_specific"
"688","2_copyedit","2_copyedit"
"689","3_general","3_general"
"690","6_holistic","4_specific"
"691","2_copyedit","2_copyedit"
"692","2_copyedit","4_specific"
"693","4_specific","4_specific"
"694","4_specific","4_specific"
"695","4_specific","6_holistic"
"696","3_general","4_specific"
"697","4_specific","4_specific"
"698","3_general","4_specific"
"699","3_general","3_general"
"700","3_general","4_specific"
"701","2_copyedit","3_general"
"702","4_specific","2_copyedit"
"703","3_general","3_general"
"704","2_copyedit","2_copyedit"
"705","3_general","3_general"
"706","2_copyedit","4_specific"
"707","2_copyedit","2_copyedit"
"708","2_copyedit","2_copyedit"
"709","2_copyedit","2_copyedit"
"710","3_general","3_general"
"711","2_copyedit","2_copyedit"
"712","3_general","4_specific"
"713","3_general","3_general"
"714","4_specific","3_general"
"715","2_copyedit","2_copyedit"
"716","2_copyedit","2_copyedit"
"717","2_copyedit","3_general"
"718","3_general","3_general"
"719","2_copyedit","2_copyedit"
"720","1_pointer","1_pointer"
"721","1_pointer","2_copyedit"
"722","4_specific","4_specific"
"723","1_pointer","2_copyedit"
"724","4_specific","4_specific"
"725","1_pointer","3_general"
"726","3_general","3_general"
"727","3_general","3_general"
"728","4_specific","3_general"
"729","2_copyedit","3_general"
"730","4_specific","4_specific"
"731","2_copyedit","2_copyedit"
"732","1_pointer","2_copyedit"
"733","2_copyedit","4_specific"
"734","2_copyedit","2_copyedit"
"735","2_copyedit","2_copyedit"
"736","4_specific","4_specific"
"737","8_nobasis","2_copyedit"
"738","4_specific","4_specific"
"739","4_specific","3_general"
"740","2_copyedit","4_specific"
"741","3_general","4_specific"
"742","3_general","3_general"
"743","4_specific","4_specific"
"744","1_pointer","3_general"
"745","2_copyedit","2_copyedit"
"746","1_pointer","2_copyedit"
"747","2_copyedit","2_copyedit"
"748","4_specific","4_specific"
"749","4_specific","4_specific"
"750","4_specific","4_specific"
"751","2_copyedit","2_copyedit"
"752","4_specific","4_specific"
"753","2_copyedit","2_copyedit"
"754","4_specific","4_specific"
"755","2_copyedit","2_copyedit"
"756","2_copyedit","4_specific"
"757","1_pointer","2_copyedit"
"758","2_copyedit","6_holistic"
"759","2_copyedit","3_general"
"760","2_copyedit","3_general"
"761","2_copyedit","2_copyedit"
"762","8_nobasis","2_copyedit"
"763","2_copyedit","2_copyedit"
"764","4_specific","2_copyedit"
"765","2_copyedit","2_copyedit"
"766","4_specific","2_copyedit"
"767","4_specific","4_specific"
"768","2_copyedit","2_copyedit"
"769","4_specific","4_specific"
"770","4_specific","4_specific"
"771","4_specific","2_copyedit"
"772","4_specific","3_general"
"773","4_specific","4_specific"
"774","3_general","3_general"
"775","3_general","2_copyedit"
"776","2_copyedit","2_copyedit"
"777","3_general","4_specific"
"778","2_copyedit","2_copyedit"
"779","2_copyedit","2_copyedit"
"780","6_holistic","6_holistic"
"781","4_specific","4_specific"
"782","2_copyedit","3_general"
"783","4_specific","4_specific"
"784","4_specific","4_specific"
"785","2_copyedit","2_copyedit"
"786","4_specific","4_specific"
"787","4_specific","2_copyedit"
"788","2_copyedit","2_copyedit"
"789","3_general","4_specific"
"790","4_specific","4_specific"
"791","4_specific","3_general"
"792","4_specific","4_specific"
"793","4_specific","4_specific"
"794","3_general","4_specific"
"795","4_specific","3_general"
"796","2_copyedit","2_copyedit"
"797","3_general","3_general"
"798","2_copyedit","2_copyedit"
"799","2_copyedit","4_specific"
"800","2_copyedit","2_copyedit"
"801","4_specific","4_specific"
"802","4_specific","4_specific"
"803","4_specific","4_specific"
"804","4_specific","4_specific"
"805","3_general","3_general"
"806","8_nobasis","3_general"
"807","2_copyedit","4_specific"
"808","2_copyedit","2_copyedit"
"809","8_nobasis","8_nobasis"
"810","4_specific","2_copyedit"
"811","4_specific","4_specific"
"812","3_general","3_general"
"813","4_specific","4_specific"
"814","2_copyedit","2_copyedit"
"815","4_specific","2_copyedit"
"816","2_copyedit","2_copyedit"
"817","1_pointer","2_copyedit"
"818","3_general","3_general"
"819","3_general","4_specific"
"820","3_general","4_specific"
"821","4_specific","4_specific"
"822","4_specific","4_specific"
"823","4_specific","4_specific"
"824","4_specific","4_specific"
"825","2_copyedit","2_copyedit"
"826","2_copyedit","2_copyedit"
"827","4_specific","3_general"
"828","4_specific","4_specific"
"829","2_copyedit","2_copyedit"
"830","4_specific","6_holistic"
"831","2_copyedit","4_specific"
"832","4_specific","4_specific"
"833","2_copyedit","2_copyedit"
"834","3_general","3_general"
"835","4_specific","6_holistic"
"836","3_general","3_general"
"837","4_specific","4_specific"
"838","2_copyedit","4_specific"
"839","4_specific","4_specific"
"840","4_specific","4_specific"
"841","2_copyedit","2_copyedit"
"842","2_copyedit","4_specific"
"843","4_specific","2_copyedit"
"844","4_specific","3_general"
"845","1_pointer","4_specific"
"846","8_nobasis","8_nobasis"
"847","2_copyedit","4_specific"
"848","3_general","3_general"
"849","4_specific","4_specific"
"850","2_copyedit","2_copyedit"
"851","2_copyedit","4_specific"
"852","4_specific","4_specific"
"853","3_general","3_general"
"854","6_holistic","2_copyedit"
"855","3_general","4_specific"
"856","1_pointer","8_nobasis"
"857","2_copyedit","4_specific"
"858","2_copyedit","2_copyedit"
"859","2_copyedit","4_specific"
"860","2_copyedit","3_general"
"861","4_specific","3_general"
"862","3_general","4_specific"
"863","4_specific","4_specific"
"864","3_general","3_general"
"865","2_copyedit","2_copyedit"
"866","3_general","3_general"
"867","3_general","3_general"
"868","2_copyedit","2_copyedit"
"869","2_copyedit","2_copyedit"
"870","3_general","4_specific"
"871","2_copyedit","3_general"
"872","4_specific","2_copyedit"
"873","4_specific","4_specific"
"874","4_specific","4_specific"
"875","2_copyedit","3_general"
"876","2_copyedit","4_specific"
"877","3_general","3_general"
"878","8_nobasis","3_general"
"879","4_specific","4_specific"
"880","2_copyedit","2_copyedit"
"881","4_specific","4_specific"
"882","6_holistic","3_general"
"883","2_copyedit","2_copyedit"
"884","4_specific","2_copyedit"
"885","4_specific","4_specific"
"886","4_specific","4_specific"
"887","3_general","4_specific"
"888","2_copyedit","2_copyedit"
"889","4_specific","4_specific"
"890","4_specific","2_copyedit"
"891","2_copyedit","2_copyedit"
"892","3_general","4_specific"
"893","4_specific","3_general"
"894","2_copyedit","2_copyedit"
"895","4_specific","4_specific"
"896","8_nobasis","8_nobasis"
"897","4_specific","6_holistic"
"898","4_specific","2_copyedit"
"899","2_copyedit","2_copyedit"
"900","2_copyedit","2_copyedit"
"901","3_general","2_copyedit"
"902","3_general","3_general"
"903","4_specific","7_idiomatic"
"904","4_specific","2_copyedit"
"905","3_general","2_copyedit"
"906","2_copyedit","4_specific"
"907","2_copyedit","3_general"
"908","3_general","4_specific"
"909","2_copyedit","2_copyedit"
"910","4_specific","4_specific"
"911","2_copyedit","3_general"
"912","4_specific","4_specific"
"913","4_specific","4_specific"
"914","3_general","3_general"
"915","2_copyedit","4_specific"
"916","4_specific","3_general"
"917","8_nobasis","8_nobasis"
"918","3_general","3_general"
"919","4_specific","4_specific"
"920","2_copyedit","2_copyedit"
"921","2_copyedit","2_copyedit"
"922","4_specific","4_specific"
"923","4_specific","4_specific"
"924","2_copyedit","3_general"
"925","3_general","4_specific"
"926","3_general","3_general"
"927","2_copyedit","2_copyedit"
"928","2_copyedit","2_copyedit"
"929","2_copyedit","2_copyedit"
"930","4_specific","4_specific"
"931","4_specific","4_specific"
"932","3_general","3_general"
"933","2_copyedit","4_specific"
"934","2_copyedit","4_specific"
"935","4_specific","4_specific"
"936","4_specific","3_general"
"937","2_copyedit","2_copyedit"
"938","3_general","3_general"
"939","2_copyedit","4_specific"
"940","2_copyedit","4_specific"
"941","2_copyedit","2_copyedit"
"942","2_copyedit","2_copyedit"
"943","2_copyedit","2_copyedit"
"944","4_specific","3_general"
"945","4_specific","4_specific"
"946","3_general","3_general"
"947","4_specific","4_specific"
"948","4_specific","4_specific"
"949","4_specific","4_specific"
"950","1_pointer","2_copyedit"
"951","4_specific","4_specific"
"952","2_copyedit","2_copyedit"
"953","4_specific","4_specific"
"954","2_copyedit","4_specific"
"955","2_copyedit","4_specific"
"956","4_specific","4_specific"
"957","4_specific","4_specific"
"958","1_pointer","2_copyedit"
"959","4_specific","2_copyedit"
"960","4_specific","4_specific"
"961","3_general","3_general"
"962","2_copyedit","2_copyedit"
"963","2_copyedit","2_copyedit"
"964","4_specific","2_copyedit"
"965","2_copyedit","2_copyedit"
"966","3_general","4_specific"
"967","6_holistic","4_specific"
"968","4_specific","4_specific"
"969","6_holistic","4_specific"
"970","3_general","4_specific"
"971","2_copyedit","3_general"
"972","4_specific","4_specific"
"973","2_copyedit","2_copyedit"
"974","4_specific","4_specific"
"975","2_copyedit","2_copyedit"
"976","2_copyedit","2_copyedit"
"977","2_copyedit","4_specific"
"978","8_nobasis","8_nobasis"
"979","2_copyedit","2_copyedit"
"980","2_copyedit","3_general"
"981","3_general","3_general"
"982","4_specific","4_specific"
"983","4_specific","4_specific"
"984","4_specific","2_copyedit"
"985","3_general","3_general"
"986","2_copyedit","3_general"
"987","8_nobasis","4_specific"
"988","2_copyedit","4_specific"
"989","2_copyedit","4_specific"
"990","4_specific","4_specific"
"991","2_copyedit","2_copyedit"
"992","2_copyedit","2_copyedit"
"993","2_copyedit","2_copyedit"
"994","3_general","3_general"
"995","4_specific","4_specific"
"996","4_specific","3_general"
"997","2_copyedit","3_general"
"998","3_general","3_general"
"999","1_pointer","4_specific"
"1000","4_specific","6_holistic"
"1001","3_general","3_general"
"1002","2_copyedit","4_specific"
"1003","2_copyedit","4_specific"
"1004","2_copyedit","2_copyedit"
"1005","4_specific","4_specific"
"1006","6_holistic","4_specific"
"1007","4_specific","4_specific"
"1008","6_holistic","4_specific"
"1009","2_copyedit","2_copyedit"
"1010","6_holistic","3_general"
"1011","6_holistic","6_holistic"
"1012","4_specific","2_copyedit"
"1013","2_copyedit","2_copyedit"
"1014","4_specific","4_specific"
"1015","4_specific","4_specific"
"1016","4_specific","2_copyedit"
"1017","4_specific","3_general"
"1018","2_copyedit","3_general"
"1019","2_copyedit","6_holistic"
"1020","4_specific","3_general"
"1021","2_copyedit","4_specific"
"1022","6_holistic","3_general"
"1023","2_copyedit","2_copyedit"
"1024","3_general","3_general"
"1025","2_copyedit","2_copyedit"
"1026","2_copyedit","2_copyedit"
"1027","2_copyedit","2_copyedit"
"1028","2_copyedit","4_specific"
"1029","3_general","4_specific"
"1030","6_holistic","6_holistic"
"1031","4_specific","3_general"
"1032","4_specific","4_specific"
"1033","2_copyedit","2_copyedit"
"1034","2_copyedit","4_specific"
"1035","2_copyedit","4_specific"
"1036","4_specific","3_general"
"1037","1_pointer","1_pointer"
"1038","2_copyedit","2_copyedit"
"1039","2_copyedit","4_specific"
"1040","4_specific","4_specific"
"1041","3_general","3_general"
"1042","3_general","4_specific"
"1043","2_copyedit","2_copyedit"
"1044","2_copyedit","2_copyedit"
"1045","4_specific","4_specific"
"1046","3_general","3_general"
"1047","4_specific","4_specific"
"1048","4_specific","2_copyedit"
"1049","2_copyedit","2_copyedit"
"1050","2_copyedit","2_copyedit"
"1051","4_specific","2_copyedit"
"1052","3_general","3_general"
"1053","6_holistic","6_holistic"
"1054","2_copyedit","2_copyedit"
"1055","2_copyedit","2_copyedit"
"1056","3_general","3_general"
"1057","3_general","3_general"
"1058","4_specific","4_specific"
"1059","3_general","3_general"
"1060","3_general","3_general"
"1061","3_general","3_general"
"1062","2_copyedit","2_copyedit"
"1063","8_nobasis","8_nobasis"
"1064","4_specific","4_specific"
"1065","4_specific","3_general"
"1066","2_copyedit","3_general"
"1067","3_general","3_general"
"1068","2_copyedit","2_copyedit"
"1069","4_specific","4_specific"
"1070","3_general","2_copyedit"
"1071","4_specific","4_specific"
"1072","2_copyedit","2_copyedit"
"1073","4_specific","2_copyedit"
"1074","4_specific","4_specific"
"1075","2_copyedit","2_copyedit"
"1076","3_general","3_general"
"1077","4_specific","4_specific"
"1078","3_general","4_specific"
"1079","4_specific","4_specific"
"1080","4_specific","4_specific"
"1081","3_general","3_general"
"1082","4_specific","4_specific"
"1083","3_general","3_general"
"1084","4_specific","2_copyedit"
"1085","3_general","4_specific"
"1086","3_general","2_copyedit"
"1087","6_holistic","4_specific"
"1088","6_holistic","3_general"
"1089","2_copyedit","4_specific"
"1090","3_general","4_specific"
"1091","1_pointer","4_specific"
"1092","4_specific","4_specific"
"1093","4_specific","2_copyedit"
"1094","6_holistic","4_specific"
"1095","2_copyedit","4_specific"
"1096","3_general","3_general"
"1097","2_copyedit","2_copyedit"
"1098","4_specific","4_specific"
"1099","4_specific","4_specific"
"1100","2_copyedit","2_copyedit"
"1101","4_specific","4_specific"
"1102","4_specific","4_specific"
"1103","3_general","4_specific"
"1104","4_specific","4_specific"
"1105","4_specific","4_specific"
"1106","2_copyedit","2_copyedit"
"1107","2_copyedit","2_copyedit"
"1108","4_specific","4_specific"
"1109","2_copyedit","3_general"
"1110","4_specific","4_specific"
"1111","3_general","3_general"
"1112","2_copyedit","2_copyedit"
"1113","2_copyedit","2_copyedit"
"1114","1_pointer","1_pointer"
"1115","2_copyedit","4_specific"
"1116","1_pointer","2_copyedit"
"1117","1_pointer","2_copyedit"
"1118","3_general","4_specific"
"1119","3_general","4_specific"
"1120","4_specific","4_specific"
"1121","4_specific","4_specific"
"1122","1_pointer","2_copyedit"
"1123","1_pointer","2_copyedit"
"1124","2_copyedit","2_copyedit"
"1125","2_copyedit","2_copyedit"
"1126","1_pointer","2_copyedit"
"1127","2_copyedit","2_copyedit"
"1128","4_specific","2_copyedit"
"1129","4_specific","3_general"
"1130","4_specific","4_specific"
"1131","4_specific","4_specific"
"1132","2_copyedit","4_specific"
"1133","3_general","3_general"
"1134","3_general","3_general"
"1135","2_copyedit","2_copyedit"
"1136","4_specific","4_specific"
"1137","4_specific","4_specific"
"1138","4_specific","4_specific"
"1139","4_specific","4_specific"
"1140","3_general","6_holistic"
"1141","3_general","3_general"
"1142","4_specific","3_general"
"1143","3_general","4_specific"
"1144","2_copyedit","2_copyedit"
"1145","4_specific","4_specific"
"1146","6_holistic","6_holistic"
"1147","4_specific","6_holistic"
"1148","2_copyedit","2_copyedit"
"1149","2_copyedit","3_general"
"1150","3_general","2_copyedit"
"1151","2_copyedit","6_holistic"
"1152","4_specific","4_specific"
"1153","4_specific","4_specific"
"1154","6_holistic","6_holistic"
"1155","4_specific","3_general"
"1156","4_specific","2_copyedit"
"1157","3_general","2_copyedit"
"1158","2_copyedit","2_copyedit"
"1159","4_specific","4_specific"
"1160","4_specific","4_specific"
"1161","4_specific","4_specific"
"1162","4_specific","2_copyedit"
"1163","3_general","3_general"
"1164","4_specific","3_general"
"1165","2_copyedit","2_copyedit"
"1166","4_specific","3_general"
"1167","2_copyedit","2_copyedit"
"1168","3_general","2_copyedit"
"1169","4_specific","4_specific"
"1170","4_specific","1_pointer"
"1171","2_copyedit","2_copyedit"
"1172","4_specific","3_general"
"1173","4_specific","4_specific"
"1174","3_general","3_general"
"1175","4_specific","4_specific"
"1176","2_copyedit","4_specific"
"1177","2_copyedit","2_copyedit"
"1178","3_general","3_general"
"1179","4_specific","4_specific"
"1180","2_copyedit","2_copyedit"
"1181","2_copyedit","2_copyedit"
"1182","4_specific","4_specific"
"1183","2_copyedit","4_specific"
"1184","2_copyedit","3_general"
"1185","4_specific","4_specific"
"1186","3_general","4_specific"
"1187","8_nobasis","3_general"
"1188","2_copyedit","2_copyedit"
"1189","4_specific","3_general"
"1190","2_copyedit","4_specific"
"1191","2_copyedit","4_specific"
"1192","3_general","4_specific"
"1193","3_general","4_specific"
"1194","4_specific","3_general"
"1195","2_copyedit","2_copyedit"
"1196","2_copyedit","4_specific"
"1197","4_specific","4_specific"
"1198","3_general","3_general"
"1199","2_copyedit","4_specific"
"1200","4_specific","4_specific"
"1201","4_specific","4_specific"
"1202","4_specific","4_specific"
"1203","4_specific","4_specific"
"1204","4_specific","4_specific"
"1205","4_specific","4_specific"
"1206","3_general","3_general"
"1207","6_holistic","4_specific"
"1208","2_copyedit","2_copyedit"
"1209","2_copyedit","2_copyedit"
"1210","8_nobasis","8_nobasis"
"1211","2_copyedit","4_specific"
"1212","4_specific","4_specific"
"1213","4_specific","4_specific"
"1214","4_specific","4_specific"
"1215","3_general","3_general"
"1216","2_copyedit","2_copyedit"
"1217","2_copyedit","3_general"
"1218","4_specific","2_copyedit"
"1219","2_copyedit","2_copyedit"
"1220","2_copyedit","2_copyedit"
"1221","4_specific","4_specific"
"1222","4_specific","4_specific"
"1223","4_specific","4_specific"
"1224","6_holistic","2_copyedit"
"1225","2_copyedit","2_copyedit"
"1226","4_specific","4_specific"
"1227","4_specific","4_specific"
"1228","3_general","3_general"
"1229","3_general","3_general"
"1230","3_general","4_specific"
"1231","2_copyedit","2_copyedit"
"1232","2_copyedit","2_copyedit"
"1233","2_copyedit","4_specific"
"1234","3_general","4_specific"
"1235","6_holistic","4_specific"
"1236","4_specific","4_specific"
"1237","2_copyedit","2_copyedit"
"1238","3_general","2_copyedit"
"1239","1_pointer","4_specific"
"1240","4_specific","4_specific"
"1241","4_specific","4_specific"
"1242","2_copyedit","4_specific"
"1243","2_copyedit","4_specific"
"1244","3_general","3_general"
"1245","4_specific","3_general"
"1246","2_copyedit","4_specific"
"1247","4_specific","4_specific"
"1248","2_copyedit","2_copyedit"
"1249","2_copyedit","2_copyedit"
"1250","6_holistic","3_general"
"1251","4_specific","4_specific"
"1252","4_specific","4_specific"
"1253","1_pointer","4_specific"
"1254","2_copyedit","3_general"
"1255","2_copyedit","2_copyedit"
"1256","4_specific","4_specific"
"1257","4_specific","2_copyedit"
"1258","2_copyedit","4_specific"
"1259","2_copyedit","4_specific"
"1260","4_specific","4_specific"
"1261","4_specific","4_specific"
"1262","3_general","4_specific"
"1263","4_specific","4_specific"
"1264","1_pointer","2_copyedit"
"1265","4_specific","4_specific"
"1266","4_specific","6_holistic"
"1267","3_general","3_general"
"1268","4_specific","4_specific"
"1269","3_general","2_copyedit"
"1270","6_holistic","4_specific"
"1271","4_specific","6_holistic"
"1272","2_copyedit","2_copyedit"
"1273","2_copyedit","2_copyedit"
"1274","8_nobasis","8_nobasis"
"1275","2_copyedit","4_specific"
"1276","3_general","3_general"
"1277","2_copyedit","2_copyedit"
"1278","4_specific","4_specific"
"1279","4_specific","4_specific"
"1280","4_specific","4_specific"
"1281","2_copyedit","2_copyedit"
"1282","4_specific","2_copyedit"
"1283","2_copyedit","2_copyedit"
"1284","1_pointer","2_copyedit"
"1285","4_specific","4_specific"
"1286","6_holistic","3_general"
"1287","2_copyedit","2_copyedit"
"1288","4_specific","2_copyedit"
"1289","4_specific","4_specific"
"1290","4_specific","4_specific"
"1291","3_general","4_specific"
"1292","2_copyedit","2_copyedit"
"1293","4_specific","4_specific"
"1294","4_specific","2_copyedit"
"1295","2_copyedit","2_copyedit"
"1296","3_general","4_specific"
"1297","2_copyedit","4_specific"
"1298","2_copyedit","2_copyedit"
"1299","3_general","3_general"
"1300","4_specific","3_general"
"1301","2_copyedit","2_copyedit"
"1302","4_specific","4_specific"
"1303","4_specific","4_specific"
"1304","4_specific","4_specific"
"1305","2_copyedit","4_specific"
"1306","1_pointer","2_copyedit"
"1307","2_copyedit","4_specific"
"1308","4_specific","4_specific"
"1309","2_copyedit","4_specific"
"1310","2_copyedit","3_general"
"1311","4_specific","4_specific"
"1312","2_copyedit","2_copyedit"
"1313","2_copyedit","4_specific"
"1314","2_copyedit","2_copyedit"
"1315","2_copyedit","3_general"
"1316","2_copyedit","2_copyedit"
"1317","4_specific","4_specific"
"1318","2_copyedit","2_copyedit"
"1319","4_specific","2_copyedit"
"1320","2_copyedit","2_copyedit"
"1321","2_copyedit","2_copyedit"
"1322","3_general","3_general"
"1323","2_copyedit","2_copyedit"
"1324","4_specific","2_copyedit"
"1325","2_copyedit","3_general"
"1326","4_specific","4_specific"
"1327","4_specific","4_specific"
"1328","4_specific","4_specific"
"1329","4_specific","4_specific"
"1330","2_copyedit","4_specific"
"1331","1_pointer","8_nobasis"
"1332","4_specific","4_specific"
"1333","2_copyedit","2_copyedit"
"1334","4_specific","4_specific"
"1335","4_specific","4_specific"
"1336","2_copyedit","3_general"
"1337","3_general","3_general"
"1338","2_copyedit","2_copyedit"
"1339","2_copyedit","3_general"
"1340","2_copyedit","3_general"
"1341","4_specific","3_general"
"1342","2_copyedit","4_specific"
"1343","3_general","3_general"
"1344","2_copyedit","2_copyedit"
"1345","2_copyedit","2_copyedit"
"1346","3_general","4_specific"
"1347","2_copyedit","4_specific"
"1348","4_specific","2_copyedit"
"1349","2_copyedit","2_copyedit"
"1350","2_copyedit","2_copyedit"
"1351","2_copyedit","4_specific"
"1352","3_general","3_general"
"1353","3_general","3_general"
"1354","3_general","3_general"
"1355","2_copyedit","2_copyedit"
"1356","2_copyedit","2_copyedit"
"1357","2_copyedit","2_copyedit"
"1358","2_copyedit","2_copyedit"
"1359","4_specific","4_specific"
"1360","3_general","3_general"
"1361","4_specific","4_specific"
"1362","4_specific","2_copyedit"
"1363","4_specific","4_specific"
"1364","4_specific","4_specific"
"1365","4_specific","4_specific"
"1366","1_pointer","6_holistic"
"1367","2_copyedit","2_copyedit"
"1368","7_idiomatic","4_specific"
"1369","2_copyedit","4_specific"
"1370","2_copyedit","2_copyedit"
"1371","2_copyedit","8_nobasis"
"1372","2_copyedit","2_copyedit"
"1373","3_general","3_general"
"1374","4_specific","2_copyedit"
"1375","2_copyedit","4_specific"
"1376","3_general","2_copyedit"
"1377","4_specific","4_specific"
"1378","2_copyedit","8_nobasis"
"1379","1_pointer","2_copyedit"
"1380","2_copyedit","4_specific"
"1381","2_copyedit","2_copyedit"
"1382","6_holistic","3_general"
"1383","2_copyedit","4_specific"
"1384","1_pointer","4_specific"
"1385","4_specific","4_specific"
"1386","2_copyedit","4_specific"
"1387","3_general","4_specific"
"1388","2_copyedit","2_copyedit"
"1389","2_copyedit","2_copyedit"
"1390","2_copyedit","2_copyedit"
"1391","2_copyedit","2_copyedit"
"1392","1_pointer","4_specific"
"1393","4_specific","4_specific"
"1394","4_specific","4_specific"
"1395","3_general","3_general"
"1396","4_specific","4_specific"
"1397","4_specific","4_specific"
"1398","3_general","3_general"
"1399","6_holistic","4_specific"
"1400","4_specific","2_copyedit"
"1401","1_pointer","2_copyedit"
"1402","3_general","2_copyedit"
"1403","2_copyedit","4_specific"
"1404","2_copyedit","2_copyedit"
"1405","3_general","3_general"
"1406","4_specific","4_specific"
"1407","6_holistic","4_specific"
"1408","3_general","3_general"
"1409","4_specific","4_specific"
"1410","6_holistic","3_general"
"1411","1_pointer","2_copyedit"
"1412","2_copyedit","3_general"
"1413","4_specific","4_specific"
"1414","4_specific","4_specific"
"1415","2_copyedit","2_copyedit"
"1416","2_copyedit","3_general"
"1417","4_specific","4_specific"
"1418","2_copyedit","2_copyedit"
"1419","1_pointer","4_specific"
"1420","2_copyedit","2_copyedit"
"1421","2_copyedit","2_copyedit"
"1422","3_general","4_specific"
"1423","2_copyedit","2_copyedit"
"1424","2_copyedit","4_specific"
"1425","2_copyedit","2_copyedit"
"1426","1_pointer","2_copyedit"
"1427","2_copyedit","2_copyedit"
"1428","2_copyedit","4_specific"
"1429","4_specific","4_specific"
"1430","4_specific","3_general"
"1431","2_copyedit","3_general"
"1432","4_specific","4_specific"
"1433","2_copyedit","2_copyedit"
"1434","3_general","3_general"
"1435","2_copyedit","2_copyedit"
"1436","6_holistic","4_specific"
"1437","4_specific","2_copyedit"
"1438","4_specific","2_copyedit"
"1439","6_holistic","6_holistic"
"1440","6_holistic","4_specific"
"1441","4_specific","4_specific"
"1442","4_specific","4_specific"
"1443","3_general","4_specific"
"1444","3_general","4_specific"
"1445","3_general","4_specific"
"1446","4_specific","2_copyedit"
"1447","4_specific","4_specific"
"1448","6_holistic","4_specific"
"1449","4_specific","2_copyedit"
"1450","4_specific","4_specific"
"1451","4_specific","4_specific"
"1452","4_specific","4_specific"
"1453","3_general","2_copyedit"
"1454","4_specific","4_specific"
"1455","4_specific","4_specific"
"1456","2_copyedit","2_copyedit"
"1457","4_specific","4_specific"
"1458","3_general","3_general"
"1459","4_specific","4_specific"
"1460","3_general","3_general"
"1461","2_copyedit","4_specific"
"1462","2_copyedit","2_copyedit"
"1463","1_pointer","1_pointer"
"1464","3_general","3_general"
"1465","4_specific","4_specific"
"1466","2_copyedit","2_copyedit"
"1467","2_copyedit","2_copyedit"
"1468","4_specific","4_specific"
"1469","8_nobasis","4_specific"
"1470","4_specific","4_specific"
"1471","1_pointer","3_general"
"1472","3_general","2_copyedit"
"1473","4_specific","4_specific"
"1474","2_copyedit","4_specific"
"1475","2_copyedit","2_copyedit"
"1476","4_specific","6_holistic"
"1477","3_general","3_general"
"1478","3_general","3_general"
"1479","4_specific","4_specific"
"1480","4_specific","4_specific"
"1481","4_specific","4_specific"
"1482","3_general","3_general"
"1483","2_copyedit","2_copyedit"
"1484","1_pointer","1_pointer"
"1485","2_copyedit","3_general"
"1486","4_specific","4_specific"
"1487","2_copyedit","2_copyedit"
"1488","4_specific","4_specific"
"1489","2_copyedit","4_specific"
"1490","8_nobasis","4_specific"
"1491","2_copyedit","4_specific"
"1492","2_copyedit","2_copyedit"
"1493","2_copyedit","2_copyedit"
"1494","4_specific","4_specific"
"1495","1_pointer","1_pointer"
"1496","2_copyedit","2_copyedit"
"1497","2_copyedit","2_copyedit"
"1498","1_pointer","2_copyedit"
"1499","4_specific","4_specific"
"1500","2_copyedit","2_copyedit"
"1501","4_specific","3_general"
"1502","3_general","3_general"
"1503","2_copyedit","2_copyedit"
"1504","4_specific","2_copyedit"
"1505","4_specific","4_specific"
"1506","3_general","3_general"
"1507","3_general","3_general"
"1508","1_pointer","2_copyedit"
"1509","2_copyedit","2_copyedit"
"1510","4_specific","4_specific"
"1511","2_copyedit","2_copyedit"
"1512","2_copyedit","2_copyedit"
"1513","2_copyedit","4_specific"
"1514","2_copyedit","2_copyedit"
"1515","2_copyedit","2_copyedit"
"1516","2_copyedit","2_copyedit"
"1517","3_general","3_general"
"1518","3_general","3_general"
"1519","3_general","3_general"
"1520","3_general","3_general"
"1521","2_copyedit","2_copyedit"
"1522","8_nobasis","2_copyedit"
"1523","3_general","3_general"
"1524","2_copyedit","4_specific"
"1525","2_copyedit","2_copyedit"
"1526","2_copyedit","2_copyedit"
"1527","8_nobasis","1_pointer"
"1528","1_pointer","1_pointer"
"1529","3_general","4_specific"
"1530","4_specific","4_specific"
"1531","2_copyedit","2_copyedit"
"1532","4_specific","4_specific"
"1533","2_copyedit","4_specific"
"1534","3_general","3_general"
"1535","4_specific","4_specific"
"1536","2_copyedit","4_specific"
"1537","3_general","3_general"
"1538","3_general","4_specific"
"1539","2_copyedit","2_copyedit"
"1540","2_copyedit","4_specific"
"1541","2_copyedit","2_copyedit"
"1542","4_specific","4_specific"
"1543","2_copyedit","2_copyedit"
"1544","4_specific","4_specific"
"1545","8_nobasis","8_nobasis"
"1546","4_specific","3_general"
"1547","2_copyedit","2_copyedit"
"1548","4_specific","4_specific"
"1549","3_general","3_general"
"1550","2_copyedit","2_copyedit"
"1551","2_copyedit","4_specific"
"1552","4_specific","4_specific"
"1553","2_copyedit","4_specific"
"1554","4_specific","2_copyedit"
"1555","4_specific","3_general"
"1556","4_specific","4_specific"
"1557","2_copyedit","4_specific"
"1558","2_copyedit","4_specific"
"1559","2_copyedit","3_general"
"1560","2_copyedit","3_general"
"1561","2_copyedit","3_general"
"1562","2_copyedit","3_general"
"1563","4_specific","4_specific"
"1564","4_specific","4_specific"
"1565","4_specific","3_general"
"1566","3_general","6_holistic"
"1567","6_holistic","6_holistic"
"1568","3_general","4_specific"
"1569","2_copyedit","2_copyedit"
"1570","2_copyedit","2_copyedit"
"1571","4_specific","4_specific"
"1572","1_pointer","2_copyedit"
"1573","2_copyedit","2_copyedit"
"1574","2_copyedit","6_holistic"
"1575","2_copyedit","2_copyedit"
"1576","2_copyedit","4_specific"
"1577","2_copyedit","2_copyedit"
"1578","2_copyedit","2_copyedit"
"1579","2_copyedit","4_specific"
"1580","4_specific","4_specific"
"1581","3_general","4_specific"
"1582","2_copyedit","2_copyedit"
"1583","4_specific","4_specific"
"1584","2_copyedit","4_specific"
"1585","2_copyedit","2_copyedit"
"1586","2_copyedit","2_copyedit"
"1587","3_general","4_specific"
"1588","3_general","3_general"
"1589","3_general","3_general"
"1590","2_copyedit","2_copyedit"
"1591","3_general","3_general"
"1592","4_specific","4_specific"
"1593","3_general","4_specific"
"1594","4_specific","4_specific"
"1595","4_specific","4_specific"
"1596","2_copyedit","3_general"
"1597","3_general","3_general"
"1598","3_general","3_general"
"1599","4_specific","4_specific"
"1600","2_copyedit","8_nobasis"
"1601","2_copyedit","2_copyedit"
"1602","4_specific","4_specific"
"1603","3_general","3_general"
"1604","2_copyedit","3_general"
"1605","2_copyedit","4_specific"
"1606","4_specific","4_specific"
"1607","2_copyedit","4_specific"
"1608","3_general","6_holistic"
"1609","2_copyedit","8_nobasis"
"1610","2_copyedit","8_nobasis"
"1611","3_general","3_general"
"1612","2_copyedit","8_nobasis"
"1613","2_copyedit","2_copyedit"
"1614","3_general","4_specific"
"1615","3_general","2_copyedit"
"1616","3_general","4_specific"
"1617","4_specific","4_specific"
"1618","3_general","3_general"
"1619","4_specific","4_specific"
"1620","2_copyedit","2_copyedit"
"1621","4_specific","6_holistic"
"1622","1_pointer","2_copyedit"
"1623","3_general","4_specific"
"1624","4_specific","4_specific"
"1625","2_copyedit","2_copyedit"
"1626","1_pointer","2_copyedit"
"1627","3_general","4_specific"
"1628","3_general","3_general"
"1629","6_holistic","6_holistic"
"1630","4_specific","4_specific"
"1631","2_copyedit","2_copyedit"
"1632","2_copyedit","2_copyedit"
"1633","3_general","3_general"
"1634","4_specific","3_general"
"1635","2_copyedit","4_specific"
"1636","3_general","3_general"
"1637","2_copyedit","2_copyedit"
"1638","3_general","3_general"
"1639","2_copyedit","2_copyedit"
"1640","4_specific","4_specific"
"1641","3_general","3_general"
"1642","4_specific","4_specific"
"1643","3_general","6_holistic"
"1644","4_specific","4_specific"
"1645","2_copyedit","4_specific"
"1646","4_specific","4_specific"
"1647","2_copyedit","3_general"
"1648","3_general","4_specific"
"1649","4_specific","4_specific"
"1650","2_copyedit","2_copyedit"
"1651","2_copyedit","2_copyedit"
"1652","8_nobasis","8_nobasis"
"1653","3_general","3_general"
"1654","3_general","3_general"
"1655","3_general","4_specific"
"1656","3_general","4_specific"
"1657","4_specific","4_specific"
"1658","4_specific","4_specific"
"1659","4_specific","4_specific"
"1660","4_specific","4_specific"
"1661","3_general","3_general"
"1662","4_specific","4_specific"
"1663","3_general","3_general"
"1664","6_holistic","4_specific"
"1665","1_pointer","1_pointer"
"1666","1_pointer","2_copyedit"
"1667","3_general","4_specific"
"1668","2_copyedit","4_specific"
"1669","3_general","2_copyedit"
"1670","2_copyedit","2_copyedit"
"1671","3_general","3_general"
"1672","2_copyedit","2_copyedit"
"1673","2_copyedit","4_specific"
"1674","2_copyedit","2_copyedit"
"1675","3_general","3_general"
"1676","4_specific","3_general"
"1677","3_general","4_specific"
"1678","4_specific","4_specific"
"1679","4_specific","4_specific"
"1680","2_copyedit","4_specific"
"1681","2_copyedit","4_specific"
"1682","1_pointer","3_general"
"1683","2_copyedit","2_copyedit"
"1684","2_copyedit","2_copyedit"
"1685","2_copyedit","4_specific"
"1686","2_copyedit","4_specific"
"1687","1_pointer","2_copyedit"
"1688","1_pointer","2_copyedit"
"1689","4_specific","3_general"
"1690","2_copyedit","2_copyedit"
"1691","1_pointer","4_specific"
"1692","2_copyedit","2_copyedit"
"1693","3_general","3_general"
"1694","4_specific","4_specific"
"1695","4_specific","6_holistic"
"1696","2_copyedit","2_copyedit"
"1697","2_copyedit","4_specific"
"1698","2_copyedit","8_nobasis"
"1699","3_general","6_holistic"
"1700","4_specific","4_specific"
"1701","2_copyedit","4_specific"
"1702","4_specific","3_general"
"1703","2_copyedit","4_specific"
"1704","3_general","3_general"
"1705","4_specific","3_general"
"1706","4_specific","4_specific"
"1707","2_copyedit","2_copyedit"
"1708","4_specific","4_specific"
"1709","2_copyedit","4_specific"
"1710","4_specific","4_specific"
"1711","6_holistic","4_specific"
"1712","4_specific","3_general"
"1713","3_general","3_general"
"1714","2_copyedit","3_general"
"1715","6_holistic","4_specific"
"1716","2_copyedit","2_copyedit"
"1717","8_nobasis","8_nobasis"
"1718","2_copyedit","4_specific"
"1719","2_copyedit","2_copyedit"
"1720","6_holistic","4_specific"
"1721","3_general","4_specific"
"1722","4_specific","4_specific"
"1723","2_copyedit","4_specific"
"1724","4_specific","4_specific"
"1725","2_copyedit","4_specific"
"1726","2_copyedit","4_specific"
"1727","2_copyedit","2_copyedit"
"1728","2_copyedit","2_copyedit"
"1729","2_copyedit","2_copyedit"
"1730","1_pointer","3_general"
"1731","2_copyedit","2_copyedit"
"1732","4_specific","4_specific"
"1733","4_specific","4_specific"
"1734","2_copyedit","2_copyedit"
"1735","2_copyedit","2_copyedit"
"1736","2_copyedit","2_copyedit"
"1737","2_copyedit","3_general"
"1738","4_specific","4_specific"
"1739","3_general","3_general"
"1740","6_holistic","3_general"
"1741","3_general","3_general"
"1742","3_general","4_specific"
"1743","2_copyedit","3_general"
"1744","2_copyedit","2_copyedit"
"1745","3_general","3_general"
"1746","2_copyedit","2_copyedit"
"1747","2_copyedit","4_specific"
"1748","4_specific","4_specific"
"1749","2_copyedit","2_copyedit"
"1750","3_general","4_specific"
"1751","2_copyedit","2_copyedit"
"1752","8_nobasis","2_copyedit"
"1753","2_copyedit","2_copyedit"
"1754","3_general","3_general"
"1755","3_general","3_general"
"1756","3_general","3_general"
"1757","1_pointer","2_copyedit"
"1758","2_copyedit","2_copyedit"
"1759","2_copyedit","4_specific"
"1760","3_general","3_general"
"1761","2_copyedit","2_copyedit"
"1762","1_pointer","2_copyedit"
"1763","1_pointer","2_copyedit"
"1764","2_copyedit","2_copyedit"
"1765","1_pointer","2_copyedit"
"1766","4_specific","2_copyedit"
"1767","8_nobasis","1_pointer"
"1768","2_copyedit","2_copyedit"
"1769","4_specific","4_specific"
"1770","3_general","4_specific"
"1771","1_pointer","1_pointer"
"1772","2_copyedit","6_holistic"
"1773","8_nobasis","2_copyedit"
"1774","3_general","3_general"
"1775","4_specific","4_specific"
"1776","4_specific","4_specific"
"1777","1_pointer","2_copyedit"
"1778","4_specific","4_specific"
"1779","6_holistic","6_holistic"
"1780","6_holistic","4_specific"
"1781","6_holistic","4_specific"
"1782","3_general","4_specific"
"1783","2_copyedit","2_copyedit"
"1784","4_specific","4_specific"
"1785","1_pointer","2_copyedit"
"1786","3_general","4_specific"
"1787","3_general","3_general"
"1788","3_general","3_general"
"1789","4_specific","4_specific"
"1790","4_specific","4_specific"
"1791","2_copyedit","4_specific"
"1792","3_general","3_general"
"1793","1_pointer","2_copyedit"
"1794","4_specific","4_specific"
"1795","2_copyedit","3_general"
"1796","4_specific","4_specific"
"1797","2_copyedit","2_copyedit"
"1798","2_copyedit","2_copyedit"
"1799","2_copyedit","2_copyedit"
"1800","2_copyedit","2_copyedit"
"1801","4_specific","4_specific"
"1802","8_nobasis","2_copyedit"
"1803","3_general","4_specific"
"1804","3_general","4_specific"
"1805","4_specific","2_copyedit"
"1806","4_specific","4_specific"
"1807","6_holistic","4_specific"
"1808","3_general","3_general"
"1809","3_general","4_specific"
"1810","3_general","2_copyedit"
"1811","4_specific","4_specific"
"1812","2_copyedit","2_copyedit"
"1813","3_general","3_general"
"1814","2_copyedit","2_copyedit"
"1815","3_general","4_specific"
"1816","2_copyedit","4_specific"
"1817","2_copyedit","4_specific"
"1818","4_specific","4_specific"
"1819","2_copyedit","4_specific"
"1820","4_specific","3_general"
"1821","2_copyedit","2_copyedit"
"1822","4_specific","4_specific"
"1823","4_specific","2_copyedit"
"1824","2_copyedit","4_specific"
"1825","4_specific","3_general"
"1826","2_copyedit","4_specific"
"1827","4_specific","4_specific"
"1828","1_pointer","2_copyedit"
"1829","4_specific","6_holistic"
"1830","4_specific","4_specific"
"1831","1_pointer","2_copyedit"
"1832","3_general","2_copyedit"
"1833","4_specific","4_specific"
"1834","4_specific","2_copyedit"
"1835","4_specific","4_specific"
"1836","2_copyedit","2_copyedit"
"1837","2_copyedit","2_copyedit"
"1838","4_specific","4_specific"
"1839","4_specific","2_copyedit"
"1840","2_copyedit","3_general"
"1841","2_copyedit","2_copyedit"
"1842","3_general","6_holistic"
"1843","4_specific","6_holistic"
"1844","3_general","4_specific"
"1845","1_pointer","2_copyedit"
"1846","2_copyedit","2_copyedit"
"1847","3_general","3_general"
"1848","4_specific","4_specific"
"1849","8_nobasis","1_pointer"
"1850","4_specific","4_specific"
"1851","2_copyedit","4_specific"
"1852","3_general","3_general"
"1853","8_nobasis","2_copyedit"
"1854","3_general","4_specific"
"1855","4_specific","4_specific"
"1856","4_specific","2_copyedit"
"1857","4_specific","4_specific"
"1858","3_general","3_general"
"1859","4_specific","3_general"
"1860","4_specific","2_copyedit"
"1861","1_pointer","2_copyedit"
"1862","2_copyedit","4_specific"
"1863","2_copyedit","4_specific"
"1864","4_specific","2_copyedit"
"1865","2_copyedit","2_copyedit"
"1866","2_copyedit","2_copyedit"
"1867","2_copyedit","2_copyedit"
"1868","2_copyedit","3_general"
"1869","4_specific","4_specific"
"1870","3_general","3_general"
"1871","2_copyedit","4_specific"
"1872","2_copyedit","2_copyedit"
"1873","2_copyedit","4_specific"
"1874","3_general","3_general"
"1875","4_specific","4_specific"
"1876","4_specific","4_specific"
"1877","4_specific","4_specific"
"1878","3_general","3_general"
"1879","2_copyedit","2_copyedit"
"1880","3_general","3_general"
"1881","2_copyedit","4_specific"
"1882","4_specific","4_specific"
"1883","2_copyedit","2_copyedit"
"1884","3_general","3_general"
"1885","6_holistic","6_holistic"
"1886","2_copyedit","4_specific"
"1887","2_copyedit","4_specific"
"1888","3_general","6_holistic"
"1889","8_nobasis","4_specific"
"1890","3_general","2_copyedit"
"1891","3_general","8_nobasis"
"1892","4_specific","4_specific"
"1893","2_copyedit","2_copyedit"
"1894","4_specific","4_specific"
"1895","1_pointer","2_copyedit"
"1896","3_general","3_general"
"1897","4_specific","4_specific"
"1898","3_general","4_specific"
"1899","3_general","4_specific"
"1900","3_general","4_specific"
"1901","2_copyedit","2_copyedit"
"1902","2_copyedit","2_copyedit"
"1903","4_specific","4_specific"
"1904","3_general","3_general"
"1905","2_copyedit","2_copyedit"
"1906","2_copyedit","4_specific"
"1907","1_pointer","2_copyedit"
"1908","3_general","3_general"
"1909","1_pointer","2_copyedit"
"1910","2_copyedit","4_specific"
"1911","2_copyedit","4_specific"
"1912","3_general","2_copyedit"
"1913","2_copyedit","2_copyedit"
"1914","4_specific","2_copyedit"
"1915","2_copyedit","4_specific"
"1916","2_copyedit","2_copyedit"
"1917","4_specific","3_general"
"1918","4_specific","2_copyedit"
"1919","2_copyedit","4_specific"
"1920","2_copyedit","4_specific"
"1921","4_specific","4_specific"
"1922","2_copyedit","4_specific"
"1923","2_copyedit","2_copyedit"
"1924","2_copyedit","2_copyedit"
"1925","6_holistic","6_holistic"
"1926","2_copyedit","2_copyedit"
"1927","2_copyedit","3_general"
"1928","3_general","4_specific"
"1929","3_general","4_specific"
"1930","4_specific","4_specific"
"1931","3_general","4_specific"
"1932","3_general","3_general"
"1933","6_holistic","4_specific"
"1934","6_holistic","6_holistic"
"1935","2_copyedit","2_copyedit"
"1936","6_holistic","6_holistic"
"1937","1_pointer","2_copyedit"
"1938","4_specific","2_copyedit"
"1939","2_copyedit","2_copyedit"
"1940","2_copyedit","2_copyedit"
"1941","2_copyedit","4_specific"
"1942","3_general","3_general"
"1943","4_specific","4_specific"
"1944","2_copyedit","2_copyedit"
"1945","4_specific","2_copyedit"
"1946","2_copyedit","4_specific"
"1947","2_copyedit","2_copyedit"
"1948","4_specific","2_copyedit"
"1949","3_general","3_general"
"1950","6_holistic","3_general"
"1951","4_specific","4_specific"
"1952","2_copyedit","2_copyedit"
"1953","2_copyedit","2_copyedit"
"1954","4_specific","4_specific"
"1955","4_specific","4_specific"
"1956","6_holistic","4_specific"
"1957","4_specific","3_general"
"1958","6_holistic","4_specific"
"1959","3_general","3_general"
"1960","3_general","3_general"
"1961","3_general","3_general"
"1962","3_general","4_specific"
"1963","2_copyedit","2_copyedit"
"1964","2_copyedit","2_copyedit"
"1965","3_general","6_holistic"
"1966","2_copyedit","2_copyedit"
"1967","2_copyedit","2_copyedit"
"1968","3_general","3_general"
"1969","2_copyedit","2_copyedit"
"1970","2_copyedit","2_copyedit"
"1971","3_general","3_general"
"1972","2_copyedit","6_holistic"
"1973","3_general","3_general"
"1974","6_holistic","6_holistic"
"1975","3_general","4_specific"
"1976","2_copyedit","2_copyedit"
"1977","4_specific","2_copyedit"
"1978","3_general","3_general"
"1979","3_general","3_general"
"1980","2_copyedit","4_specific"
"1981","2_copyedit","4_specific"
"1982","4_specific","4_specific"
"1983","4_specific","4_specific"
"1984","4_specific","6_holistic"
"1985","6_holistic","6_holistic"
"1986","3_general","2_copyedit"
"1987","2_copyedit","2_copyedit"
"1988","4_specific","4_specific"
"1989","4_specific","2_copyedit"
"1990","2_copyedit","2_copyedit"
"1991","4_specific","4_specific"
"1992","4_specific","4_specific"
"1993","6_holistic","3_general"
"1994","6_holistic","4_specific"
"1995","1_pointer","2_copyedit"
"1996","6_holistic","2_copyedit"
"1997","4_specific","4_specific"
"1998","6_holistic","3_general"
"1999","2_copyedit","4_specific"
"2000","4_specific","4_specific"
"2001","3_general","2_copyedit"
"2002","4_specific","4_specific"
"2003","1_pointer","4_specific"
"2004","4_specific","2_copyedit"
"2005","2_copyedit","4_specific"
"2006","2_copyedit","4_specific"
"2007","4_specific","4_specific"
"2008","2_copyedit","4_specific"
"2009","2_copyedit","2_copyedit"
"2010","2_copyedit","4_specific"
"2011","2_copyedit","3_general"
"2012","4_specific","4_specific"
"2013","3_general","3_general"
"2014","4_specific","3_general"
"2015","4_specific","3_general"
"2016","3_general","3_general"
"2017","2_copyedit","6_holistic"
"2018","4_specific","3_general"
"2019","2_copyedit","2_copyedit"
"2020","3_general","3_general"
"2021","3_general","3_general"
"2022","2_copyedit","2_copyedit"
"2023","3_general","2_copyedit"
"2024","2_copyedit","4_specific"
"2025","2_copyedit","4_specific"
"2026","3_general","3_general"
"2027","6_holistic","6_holistic"
"2028","6_holistic","4_specific"
"2029","6_holistic","6_holistic"
"2030","8_nobasis","4_specific"
"2031","4_specific","4_specific"
"2032","1_pointer","2_copyedit"
"2033","2_copyedit","3_general"
"2034","2_copyedit","2_copyedit"
"2035","2_copyedit","2_copyedit"
"2036","4_specific","2_copyedit"
"2037","2_copyedit","2_copyedit"
"2038","4_specific","6_holistic"
"2039","2_copyedit","2_copyedit"
"2040","4_specific","3_general"
"2041","3_general","4_specific"
"2042","6_holistic","3_general"
"2043","1_pointer","3_general"
"2044","3_general","3_general"
"2045","4_specific","4_specific"
"2046","1_pointer","2_copyedit"
"2047","1_pointer","2_copyedit"
"2048","8_nobasis","4_specific"
"2049","1_pointer","2_copyedit"
"2050","2_copyedit","2_copyedit"
"2051","4_specific","4_specific"
"2052","1_pointer","1_pointer"
"2053","3_general","3_general"
"2054","3_general","4_specific"
"2055","3_general","4_specific"
"2056","4_specific","2_copyedit"
"2057","4_specific","6_holistic"
"2058","4_specific","4_specific"
"2059","2_copyedit","2_copyedit"
"2060","4_specific","4_specific"
"2061","2_copyedit","2_copyedit"
"2062","2_copyedit","4_specific"
"2063","6_holistic","4_specific"
"2064","4_specific","4_specific"
"2065","4_specific","4_specific"
"2066","4_specific","4_specific"
"2067","2_copyedit","4_specific"
"2068","2_copyedit","4_specific"
"2069","3_general","3_general"
"2070","1_pointer","1_pointer"
"2071","2_copyedit","2_copyedit"
"2072","2_copyedit","2_copyedit"
"2073","3_general","3_general"
"2074","3_general","4_specific"
"2075","2_copyedit","2_copyedit"
"2076","2_copyedit","2_copyedit"
"2077","2_copyedit","2_copyedit"
"2078","4_specific","4_specific"
"2079","6_holistic","6_holistic"
"2080","4_specific","4_specific"
"2081","1_pointer","2_copyedit"
"2082","4_specific","2_copyedit"
"2083","4_specific","2_copyedit"
"2084","2_copyedit","2_copyedit"
"2085","2_copyedit","2_copyedit"
"2086","3_general","3_general"
"2087","4_specific","4_specific"
"2088","2_copyedit","2_copyedit"
"2089","1_pointer","8_nobasis"
"2090","4_specific","4_specific"
"2091","2_copyedit","2_copyedit"
"2092","4_specific","4_specific"
"2093","3_general","3_general"
"2094","2_copyedit","4_specific"
"2095","3_general","4_specific"
"2096","6_holistic","4_specific"
"2097","3_general","3_general"
"2098","3_general","3_general"
"2099","4_specific","4_specific"
"2100","3_general","3_general"
"2101","6_holistic","4_specific"
"2102","4_specific","4_specific"
"2103","2_copyedit","2_copyedit"
"2104","3_general","3_general"
"2105","3_general","3_general"
"2106","4_specific","4_specific"
"2107","3_general","3_general"
"2108","2_copyedit","2_copyedit"
"2109","4_specific","4_specific"
"2110","3_general","3_general"
"2111","2_copyedit","2_copyedit"
"2112","2_copyedit","2_copyedit"
"2113","2_copyedit","2_copyedit"
"2114","4_specific","4_specific"
"2115","3_general","3_general"
"2116","3_general","3_general"
"2117","4_specific","2_copyedit"
"2118","2_copyedit","2_copyedit"
"2119","2_copyedit","4_specific"
"2120","4_specific","4_specific"
"2121","4_specific","4_specific"
"2122","4_specific","3_general"
"2123","4_specific","4_specific"
"2124","4_specific","4_specific"
"2125","2_copyedit","2_copyedit"
"2126","3_general","3_general"
"2127","3_general","2_copyedit"
"2128","2_copyedit","4_specific"
"2129","2_copyedit","2_copyedit"
"2130","4_specific","4_specific"
"2131","1_pointer","2_copyedit"
"2132","3_general","3_general"
"2133","2_copyedit","4_specific"
"2134","1_pointer","2_copyedit"
"2135","4_specific","4_specific"
"2136","4_specific","4_specific"
"2137","6_holistic","3_general"
"2138","4_specific","4_specific"
"2139","2_copyedit","2_copyedit"
"2140","2_copyedit","2_copyedit"
"2141","3_general","4_specific"
"2142","3_general","4_specific"
"2143","4_specific","4_specific"
"2144","4_specific","4_specific"
"2145","2_copyedit","4_specific"
"2146","2_copyedit","2_copyedit"
"2147","2_copyedit","3_general"
"2148","2_copyedit","4_specific"
"2149","4_specific","4_specific"
"2150","6_holistic","4_specific"
"2151","6_holistic","6_holistic"
"2152","3_general","3_general"
"2153","2_copyedit","4_specific"
"2154","2_copyedit","4_specific"
"2155","6_holistic","4_specific"
"2156","4_specific","6_holistic"
"2157","2_copyedit","2_copyedit"
"2158","3_general","3_general"
"2159","4_specific","4_specific"
"2160","6_holistic","6_holistic"
"2161","2_copyedit","2_copyedit"
"2162","4_specific","4_specific"
"2163","2_copyedit","2_copyedit"
"2164","2_copyedit","2_copyedit"
"2165","2_copyedit","2_copyedit"
"2166","4_specific","4_specific"
"2167","2_copyedit","4_specific"
"2168","4_specific","4_specific"
"2169","4_specific","3_general"
"2170","2_copyedit","2_copyedit"
"2171","4_specific","4_specific"
"2172","4_specific","4_specific"
"2173","3_general","3_general"
"2174","4_specific","4_specific"
"2175","3_general","4_specific"
"2176","4_specific","2_copyedit"
"2177","2_copyedit","3_general"
"2178","2_copyedit","2_copyedit"
"2179","4_specific","4_specific"
"2180","2_copyedit","1_pointer"
"2181","4_specific","2_copyedit"
"2182","4_specific","4_specific"
"2183","4_specific","6_holistic"
"2184","4_specific","6_holistic"
"2185","4_specific","4_specific"
"2186","2_copyedit","4_specific"
"2187","4_specific","3_general"
"2188","1_pointer","1_pointer"
"2189","2_copyedit","2_copyedit"
"2190","2_copyedit","4_specific"
"2191","3_general","3_general"
"2192","1_pointer","2_copyedit"
"2193","3_general","3_general"
"2194","2_copyedit","4_specific"
"2195","2_copyedit","8_nobasis"
"2196","1_pointer","2_copyedit"
"2197","4_specific","4_specific"
"2198","4_specific","3_general"
"2199","4_specific","3_general"
"2200","2_copyedit","2_copyedit"
"2201","2_copyedit","2_copyedit"
"2202","4_specific","4_specific"
"2203","4_specific","4_specific"
"2204","4_specific","4_specific"
"2205","4_specific","4_specific"
"2206","4_specific","4_specific"
"2207","4_specific","4_specific"
"2208","2_copyedit","4_specific"
"2209","2_copyedit","2_copyedit"
"2210","4_specific","4_specific"
"2211","2_copyedit","2_copyedit"
"2212","2_copyedit","4_specific"
"2213","2_copyedit","2_copyedit"
"2214","3_general","4_specific"
"2215","4_specific","6_holistic"
"2216","6_holistic","4_specific"
"2217","2_copyedit","3_general"
"2218","4_specific","4_specific"
"2219","2_copyedit","2_copyedit"
"2220","4_specific","4_specific"
"2221","6_holistic","6_holistic"
"2222","4_specific","4_specific"
"2223","2_copyedit","2_copyedit"
"2224","3_general","3_general"
"2225","2_copyedit","2_copyedit"
"2226","4_specific","4_specific"
"2227","4_specific","4_specific"
"2228","2_copyedit","2_copyedit"
"2229","4_specific","2_copyedit"
"2230","2_copyedit","4_specific"
"2231","4_specific","4_specific"
"2232","4_specific","4_specific"
"2233","4_specific","4_specific"
"2234","4_specific","2_copyedit"
"2235","4_specific","2_copyedit"
"2236","2_copyedit","4_specific"
"2237","4_specific","4_specific"
"2238","4_specific","4_specific"
"2239","2_copyedit","4_specific"
"2240","2_copyedit","2_copyedit"
"2241","2_copyedit","4_specific"
"2242","3_general","3_general"
"2243","2_copyedit","2_copyedit"
"2244","4_specific","4_specific"
"2245","4_specific","4_specific"
"2246","4_specific","2_copyedit"
"2247","2_copyedit","2_copyedit"
"2248","3_general","3_general"
"2249","4_specific","4_specific"
"2250","3_general","3_general"
"2251","2_copyedit","2_copyedit"
"2252","2_copyedit","2_copyedit"
"2253","4_specific","4_specific"
"2254","2_copyedit","2_copyedit"
"2255","4_specific","4_specific"
"2256","3_general","3_general"
"2257","2_copyedit","3_general"
"2258","2_copyedit","2_copyedit"
"2259","3_general","2_copyedit"
"2260","3_general","2_copyedit"
"2261","3_general","3_general"
"2262","4_specific","4_specific"
"2263","3_general","3_general"
"2264","2_copyedit","4_specific"
"2265","4_specific","4_specific"
"2266","4_specific","4_specific"
"2267","3_general","3_general"
"2268","4_specific","4_specific"
"2269","4_specific","4_specific"
"2270","2_copyedit","2_copyedit"
"2271","2_copyedit","2_copyedit"
"2272","4_specific","4_specific"
"2273","4_specific","4_specific"
"2274","6_holistic","6_holistic"
"2275","4_specific","3_general"
"2276","3_general","3_general"
"2277","2_copyedit","2_copyedit"
"2278","2_copyedit","6_holistic"
"2279","2_copyedit","2_copyedit"
"2280","4_specific","4_specific"
"2281","3_general","4_specific"
"2282","2_copyedit","2_copyedit"
"2283","3_general","2_copyedit"
"2284","4_specific","4_specific"
"2285","4_specific","4_specific"
"2286","4_specific","4_specific"
"2287","2_copyedit","4_specific"
"2288","2_copyedit","4_specific"
"2289","4_specific","2_copyedit"
"2290","4_specific","4_specific"
"2291","2_copyedit","2_copyedit"
"2292","2_copyedit","6_holistic"
"2293","4_specific","6_holistic"
"2294","4_specific","2_copyedit"
"2295","3_general","3_general"
"2296","2_copyedit","4_specific"
"2297","1_pointer","3_general"
"2298","3_general","3_general"
"2299","6_holistic","4_specific"
"2300","2_copyedit","4_specific"
"2301","4_specific","4_specific"
"2302","2_copyedit","4_specific"
"2303","4_specific","4_specific"
"2304","1_pointer","3_general"
"2305","3_general","3_general"
"2306","2_copyedit","4_specific"
"2307","4_specific","6_holistic"
"2308","2_copyedit","4_specific"
"2309","4_specific","4_specific"
"2310","4_specific","4_specific"
"2311","3_general","3_general"
"2312","1_pointer","3_general"
"2313","3_general","4_specific"
"2314","3_general","3_general"
"2315","2_copyedit","2_copyedit"
"2316","4_specific","4_specific"
"2317","2_copyedit","4_specific"
"2318","4_specific","4_specific"
"2319","4_specific","4_specific"
"2320","3_general","7_idiomatic"
"2321","2_copyedit","4_specific"
"2322","2_copyedit","2_copyedit"
"2323","4_specific","4_specific"
"2324","4_specific","4_specific"
"2325","2_copyedit","2_copyedit"
"2326","2_copyedit","2_copyedit"
"2327","6_holistic","4_specific"
"2328","4_specific","3_general"
"2329","4_specific","4_specific"
"2330","4_specific","2_copyedit"
"2331","4_specific","4_specific"
"2332","4_specific","3_general"
"2333","4_specific","4_specific"
"2334","6_holistic","4_specific"
"2335","4_specific","4_specific"
