"","comments_test_pred_subject","comments_test_labels_subject"
"1","3_technical","3_technical"
"2","2_writing","2_writing"
"3","3_technical","3_technical"
"4","3_technical","3_technical"
"5","2_writing","2_writing"
"6","3_technical","3_technical"
"7","3_technical","3_technical"
"8","2_writing","3_technical"
"9","3_technical","3_technical"
"10","4_logic","4_logic"
"11","3_technical","3_technical"
"12","3_technical","3_technical"
"13","2_writing","2_writing"
"14","4_logic","2_writing"
"15","3_technical","3_technical"
"16","2_writing","2_writing"
"17","1_basic","3_technical"
"18","3_technical","3_technical"
"19","3_technical","3_technical"
"20","4_logic","4_logic"
"21","3_technical","1_basic"
"22","2_writing","2_writing"
"23","2_writing","2_writing"
"24","2_writing","1_basic"
"25","4_logic","3_technical"
"26","3_technical","3_technical"
"27","3_technical","3_technical"
"28","2_writing","2_writing"
"29","3_technical","3_technical"
"30","3_technical","3_technical"
"31","2_writing","3_technical"
"32","3_technical","3_technical"
"33","3_technical","3_technical"
"34","3_technical","3_technical"
"35","3_technical","3_technical"
"36","3_technical","3_technical"
"37","3_technical","3_technical"
"38","3_technical","3_technical"
"39","3_technical","2_writing"
"40","3_technical","4_logic"
"41","3_technical","2_writing"
"42","3_technical","1_basic"
"43","3_technical","3_technical"
"44","2_writing","3_technical"
"45","2_writing","2_writing"
"46","4_logic","2_writing"
"47","2_writing","4_logic"
"48","3_technical","3_technical"
"49","2_writing","2_writing"
"50","2_writing","2_writing"
"51","2_writing","2_writing"
"52","2_writing","2_writing"
"53","2_writing","3_technical"
"54","3_technical","2_writing"
"55","3_technical","3_technical"
"56","3_technical","3_technical"
"57","3_technical","3_technical"
"58","3_technical","3_technical"
"59","3_technical","3_technical"
"60","3_technical","3_technical"
"61","2_writing","2_writing"
"62","4_logic","2_writing"
"63","2_writing","2_writing"
"64","2_writing","2_writing"
"65","3_technical","3_technical"
"66","4_logic","4_logic"
"67","3_technical","3_technical"
"68","4_logic","4_logic"
"69","3_technical","3_technical"
"70","2_writing","3_technical"
"71","2_writing","2_writing"
"72","3_technical","3_technical"
"73","3_technical","3_technical"
"74","3_technical","2_writing"
"75","3_technical","3_technical"
"76","4_logic","4_logic"
"77","3_technical","3_technical"
"78","2_writing","2_writing"
"79","3_technical","3_technical"
"80","3_technical","3_technical"
"81","2_writing","4_logic"
"82","3_technical","3_technical"
"83","3_technical","3_technical"
"84","3_technical","3_technical"
"85","3_technical","3_technical"
"86","2_writing","3_technical"
"87","3_technical","3_technical"
"88","3_technical","3_technical"
"89","3_technical","3_technical"
"90","3_technical","3_technical"
"91","4_logic","1_basic"
"92","3_technical","2_writing"
"93","3_technical","3_technical"
"94","2_writing","2_writing"
"95","2_writing","2_writing"
"96","3_technical","3_technical"
"97","3_technical","3_technical"
"98","3_technical","3_technical"
"99","2_writing","2_writing"
"100","2_writing","2_writing"
"101","4_logic","2_writing"
"102","3_technical","3_technical"
"103","2_writing","1_basic"
"104","2_writing","2_writing"
"105","3_technical","2_writing"
"106","3_technical","3_technical"
"107","3_technical","3_technical"
"108","2_writing","2_writing"
"109","3_technical","4_logic"
"110","2_writing","2_writing"
"111","2_writing","3_technical"
"112","4_logic","4_logic"
"113","2_writing","2_writing"
"114","3_technical","3_technical"
"115","3_technical","3_technical"
"116","2_writing","4_logic"
"117","2_writing","2_writing"
"118","1_basic","1_basic"
"119","2_writing","2_writing"
"120","2_writing","2_writing"
"121","3_technical","3_technical"
"122","2_writing","2_writing"
"123","3_technical","3_technical"
"124","3_technical","3_technical"
"125","2_writing","3_technical"
"126","3_technical","3_technical"
"127","4_logic","4_logic"
"128","3_technical","3_technical"
"129","3_technical","3_technical"
"130","4_logic","2_writing"
"131","3_technical","2_writing"
"132","2_writing","3_technical"
"133","3_technical","3_technical"
"134","3_technical","3_technical"
"135","2_writing","2_writing"
"136","3_technical","3_technical"
"137","3_technical","3_technical"
"138","3_technical","3_technical"
"139","4_logic","4_logic"
"140","3_technical","3_technical"
"141","3_technical","3_technical"
"142","3_technical","3_technical"
"143","2_writing","2_writing"
"144","3_technical","3_technical"
"145","3_technical","3_technical"
"146","2_writing","2_writing"
"147","3_technical","3_technical"
"148","3_technical","3_technical"
"149","2_writing","2_writing"
"150","2_writing","2_writing"
"151","3_technical","3_technical"
"152","3_technical","3_technical"
"153","3_technical","3_technical"
"154","2_writing","3_technical"
"155","2_writing","2_writing"
"156","4_logic","4_logic"
"157","4_logic","4_logic"
"158","2_writing","2_writing"
"159","3_technical","3_technical"
"160","3_technical","3_technical"
"161","3_technical","3_technical"
"162","3_technical","3_technical"
"163","4_logic","4_logic"
"164","3_technical","2_writing"
"165","3_technical","3_technical"
"166","3_technical","3_technical"
"167","2_writing","2_writing"
"168","1_basic","1_basic"
"169","3_technical","3_technical"
"170","2_writing","2_writing"
"171","3_technical","2_writing"
"172","2_writing","2_writing"
"173","3_technical","3_technical"
"174","3_technical","3_technical"
"175","3_technical","3_technical"
"176","2_writing","2_writing"
"177","2_writing","3_technical"
"178","3_technical","3_technical"
"179","2_writing","2_writing"
"180","2_writing","2_writing"
"181","3_technical","3_technical"
"182","3_technical","3_technical"
"183","3_technical","3_technical"
"184","3_technical","3_technical"
"185","3_technical","3_technical"
"186","4_logic","4_logic"
"187","3_technical","3_technical"
"188","3_technical","3_technical"
"189","2_writing","2_writing"
"190","3_technical","4_logic"
"191","3_technical","3_technical"
"192","3_technical","3_technical"
"193","3_technical","3_technical"
"194","2_writing","2_writing"
"195","2_writing","2_writing"
"196","3_technical","3_technical"
"197","3_technical","4_logic"
"198","2_writing","2_writing"
"199","3_technical","3_technical"
"200","3_technical","3_technical"
"201","3_technical","3_technical"
"202","3_technical","3_technical"
"203","2_writing","2_writing"
"204","3_technical","3_technical"
"205","2_writing","2_writing"
"206","2_writing","2_writing"
"207","3_technical","4_logic"
"208","4_logic","3_technical"
"209","2_writing","2_writing"
"210","3_technical","3_technical"
"211","4_logic","4_logic"
"212","3_technical","3_technical"
"213","3_technical","3_technical"
"214","3_technical","3_technical"
"215","2_writing","2_writing"
"216","2_writing","3_technical"
"217","2_writing","3_technical"
"218","2_writing","2_writing"
"219","2_writing","4_logic"
"220","3_technical","3_technical"
"221","4_logic","2_writing"
"222","4_logic","4_logic"
"223","3_technical","3_technical"
"224","2_writing","2_writing"
"225","2_writing","2_writing"
"226","4_logic","4_logic"
"227","3_technical","3_technical"
"228","3_technical","3_technical"
"229","3_technical","3_technical"
"230","2_writing","2_writing"
"231","3_technical","3_technical"
"232","2_writing","4_logic"
"233","3_technical","3_technical"
"234","3_technical","3_technical"
"235","3_technical","3_technical"
"236","4_logic","4_logic"
"237","2_writing","2_writing"
"238","3_technical","3_technical"
"239","2_writing","2_writing"
"240","2_writing","2_writing"
"241","2_writing","3_technical"
"242","3_technical","3_technical"
"243","3_technical","3_technical"
"244","3_technical","3_technical"
"245","1_basic","3_technical"
"246","2_writing","3_technical"
"247","4_logic","2_writing"
"248","3_technical","3_technical"
"249","3_technical","3_technical"
"250","4_logic","3_technical"
"251","3_technical","3_technical"
"252","1_basic","3_technical"
"253","3_technical","3_technical"
"254","3_technical","2_writing"
"255","2_writing","2_writing"
"256","3_technical","3_technical"
"257","3_technical","4_logic"
"258","3_technical","3_technical"
"259","1_basic","1_basic"
"260","3_technical","3_technical"
"261","2_writing","2_writing"
"262","3_technical","4_logic"
"263","3_technical","3_technical"
"264","4_logic","4_logic"
"265","3_technical","3_technical"
"266","4_logic","2_writing"
"267","1_basic","1_basic"
"268","2_writing","2_writing"
"269","3_technical","3_technical"
"270","2_writing","2_writing"
"271","3_technical","3_technical"
"272","3_technical","3_technical"
"273","3_technical","3_technical"
"274","3_technical","3_technical"
"275","2_writing","2_writing"
"276","3_technical","3_technical"
"277","3_technical","2_writing"
"278","3_technical","4_logic"
"279","3_technical","3_technical"
"280","3_technical","3_technical"
"281","4_logic","4_logic"
"282","1_basic","1_basic"
"283","3_technical","3_technical"
"284","3_technical","3_technical"
"285","3_technical","3_technical"
"286","2_writing","2_writing"
"287","2_writing","1_basic"
"288","2_writing","2_writing"
"289","4_logic","4_logic"
"290","2_writing","4_logic"
"291","3_technical","3_technical"
"292","3_technical","3_technical"
"293","3_technical","3_technical"
"294","3_technical","3_technical"
"295","2_writing","2_writing"
"296","4_logic","4_logic"
"297","3_technical","3_technical"
"298","3_technical","4_logic"
"299","2_writing","4_logic"
"300","3_technical","3_technical"
"301","2_writing","2_writing"
"302","3_technical","3_technical"
"303","2_writing","4_logic"
"304","1_basic","1_basic"
"305","2_writing","2_writing"
"306","3_technical","3_technical"
"307","2_writing","2_writing"
"308","2_writing","2_writing"
"309","4_logic","2_writing"
"310","3_technical","3_technical"
"311","3_technical","3_technical"
"312","3_technical","3_technical"
"313","2_writing","2_writing"
"314","3_technical","2_writing"
"315","3_technical","3_technical"
"316","2_writing","2_writing"
"317","2_writing","2_writing"
"318","3_technical","3_technical"
"319","3_technical","3_technical"
"320","3_technical","3_technical"
"321","3_technical","2_writing"
"322","3_technical","1_basic"
"323","3_technical","3_technical"
"324","4_logic","2_writing"
"325","4_logic","3_technical"
"326","3_technical","3_technical"
"327","3_technical","3_technical"
"328","3_technical","3_technical"
"329","2_writing","4_logic"
"330","3_technical","3_technical"
"331","3_technical","3_technical"
"332","2_writing","2_writing"
"333","3_technical","3_technical"
"334","4_logic","2_writing"
"335","2_writing","2_writing"
"336","3_technical","3_technical"
"337","3_technical","3_technical"
"338","2_writing","2_writing"
"339","2_writing","2_writing"
"340","2_writing","2_writing"
"341","2_writing","2_writing"
"342","3_technical","3_technical"
"343","2_writing","2_writing"
"344","1_basic","2_writing"
"345","3_technical","3_technical"
"346","3_technical","3_technical"
"347","2_writing","2_writing"
"348","4_logic","3_technical"
"349","2_writing","3_technical"
"350","3_technical","3_technical"
"351","3_technical","2_writing"
"352","3_technical","4_logic"
"353","3_technical","3_technical"
"354","2_writing","3_technical"
"355","3_technical","4_logic"
"356","3_technical","3_technical"
"357","2_writing","2_writing"
"358","2_writing","2_writing"
"359","3_technical","3_technical"
"360","3_technical","2_writing"
"361","4_logic","4_logic"
"362","3_technical","3_technical"
"363","4_logic","3_technical"
"364","3_technical","3_technical"
"365","4_logic","2_writing"
"366","2_writing","4_logic"
"367","4_logic","2_writing"
"368","4_logic","2_writing"
"369","3_technical","3_technical"
"370","3_technical","3_technical"
"371","2_writing","2_writing"
"372","3_technical","3_technical"
"373","3_technical","3_technical"
"374","3_technical","3_technical"
"375","2_writing","4_logic"
"376","4_logic","4_logic"
"377","2_writing","2_writing"
"378","3_technical","3_technical"
"379","3_technical","3_technical"
"380","2_writing","2_writing"
"381","2_writing","2_writing"
"382","2_writing","2_writing"
"383","3_technical","3_technical"
"384","4_logic","4_logic"
"385","3_technical","3_technical"
"386","3_technical","3_technical"
"387","3_technical","3_technical"
"388","4_logic","1_basic"
"389","3_technical","3_technical"
"390","4_logic","4_logic"
"391","4_logic","2_writing"
"392","2_writing","2_writing"
"393","3_technical","3_technical"
"394","3_technical","3_technical"
"395","4_logic","3_technical"
"396","3_technical","2_writing"
"397","3_technical","3_technical"
"398","3_technical","3_technical"
"399","3_technical","4_logic"
"400","3_technical","3_technical"
"401","4_logic","3_technical"
"402","3_technical","3_technical"
"403","4_logic","2_writing"
"404","3_technical","3_technical"
"405","3_technical","2_writing"
"406","2_writing","3_technical"
"407","3_technical","3_technical"
"408","3_technical","3_technical"
"409","2_writing","2_writing"
"410","2_writing","2_writing"
"411","2_writing","2_writing"
"412","3_technical","3_technical"
"413","3_technical","3_technical"
"414","3_technical","3_technical"
"415","3_technical","3_technical"
"416","3_technical","3_technical"
"417","3_technical","3_technical"
"418","2_writing","2_writing"
"419","3_technical","3_technical"
"420","3_technical","3_technical"
"421","3_technical","3_technical"
"422","3_technical","3_technical"
"423","3_technical","3_technical"
"424","2_writing","4_logic"
"425","4_logic","4_logic"
"426","2_writing","3_technical"
"427","3_technical","3_technical"
"428","3_technical","3_technical"
"429","3_technical","3_technical"
"430","3_technical","2_writing"
"431","3_technical","3_technical"
"432","3_technical","3_technical"
"433","3_technical","3_technical"
"434","2_writing","2_writing"
"435","2_writing","2_writing"
"436","3_technical","3_technical"
"437","2_writing","3_technical"
"438","3_technical","3_technical"
"439","3_technical","3_technical"
"440","4_logic","2_writing"
"441","4_logic","3_technical"
"442","3_technical","3_technical"
"443","3_technical","3_technical"
"444","2_writing","4_logic"
"445","2_writing","3_technical"
"446","2_writing","3_technical"
"447","2_writing","2_writing"
"448","3_technical","3_technical"
"449","3_technical","3_technical"
"450","2_writing","2_writing"
"451","3_technical","3_technical"
"452","2_writing","1_basic"
"453","3_technical","3_technical"
"454","3_technical","3_technical"
"455","2_writing","2_writing"
"456","3_technical","3_technical"
"457","3_technical","3_technical"
"458","3_technical","4_logic"
"459","3_technical","3_technical"
"460","4_logic","2_writing"
"461","2_writing","2_writing"
"462","3_technical","3_technical"
"463","2_writing","3_technical"
"464","2_writing","4_logic"
"465","3_technical","3_technical"
"466","3_technical","3_technical"
"467","4_logic","4_logic"
"468","3_technical","3_technical"
"469","2_writing","2_writing"
"470","3_technical","3_technical"
"471","3_technical","3_technical"
"472","2_writing","2_writing"
"473","3_technical","3_technical"
"474","4_logic","4_logic"
"475","3_technical","3_technical"
"476","3_technical","3_technical"
"477","4_logic","2_writing"
"478","3_technical","3_technical"
"479","4_logic","4_logic"
"480","2_writing","2_writing"
"481","2_writing","2_writing"
"482","3_technical","2_writing"
"483","3_technical","2_writing"
"484","3_technical","3_technical"
"485","3_technical","4_logic"
"486","3_technical","3_technical"
"487","3_technical","3_technical"
"488","2_writing","2_writing"
"489","4_logic","3_technical"
"490","3_technical","3_technical"
"491","3_technical","3_technical"
"492","3_technical","3_technical"
"493","3_technical","3_technical"
"494","3_technical","3_technical"
"495","2_writing","2_writing"
"496","2_writing","1_basic"
"497","1_basic","1_basic"
"498","2_writing","2_writing"
"499","3_technical","3_technical"
"500","2_writing","2_writing"
"501","4_logic","2_writing"
"502","3_technical","3_technical"
"503","3_technical","3_technical"
"504","2_writing","2_writing"
"505","2_writing","2_writing"
"506","3_technical","3_technical"
"507","3_technical","3_technical"
"508","3_technical","3_technical"
"509","3_technical","3_technical"
"510","3_technical","2_writing"
"511","2_writing","2_writing"
"512","2_writing","4_logic"
"513","4_logic","2_writing"
"514","3_technical","3_technical"
"515","3_technical","3_technical"
"516","2_writing","2_writing"
"517","3_technical","4_logic"
"518","3_technical","3_technical"
"519","3_technical","3_technical"
"520","3_technical","3_technical"
"521","3_technical","3_technical"
"522","4_logic","3_technical"
"523","3_technical","3_technical"
"524","3_technical","3_technical"
"525","3_technical","3_technical"
"526","3_technical","3_technical"
"527","2_writing","2_writing"
"528","2_writing","2_writing"
"529","3_technical","3_technical"
"530","3_technical","3_technical"
"531","4_logic","3_technical"
"532","3_technical","3_technical"
"533","3_technical","3_technical"
"534","3_technical","3_technical"
"535","2_writing","2_writing"
"536","3_technical","3_technical"
"537","2_writing","3_technical"
"538","3_technical","3_technical"
"539","3_technical","3_technical"
"540","3_technical","3_technical"
"541","3_technical","2_writing"
"542","4_logic","4_logic"
"543","3_technical","3_technical"
"544","3_technical","3_technical"
"545","3_technical","3_technical"
"546","1_basic","1_basic"
"547","2_writing","2_writing"
"548","2_writing","3_technical"
"549","2_writing","4_logic"
"550","3_technical","3_technical"
"551","3_technical","3_technical"
"552","3_technical","3_technical"
"553","3_technical","3_technical"
"554","3_technical","2_writing"
"555","3_technical","3_technical"
"556","3_technical","2_writing"
"557","3_technical","2_writing"
"558","3_technical","1_basic"
"559","3_technical","3_technical"
"560","3_technical","3_technical"
"561","2_writing","3_technical"
"562","3_technical","3_technical"
"563","2_writing","2_writing"
"564","3_technical","2_writing"
"565","4_logic","4_logic"
"566","4_logic","4_logic"
"567","3_technical","3_technical"
"568","3_technical","3_technical"
"569","3_technical","3_technical"
"570","3_technical","2_writing"
"571","4_logic","4_logic"
"572","4_logic","4_logic"
"573","4_logic","3_technical"
"574","3_technical","3_technical"
"575","3_technical","3_technical"
"576","3_technical","1_basic"
"577","3_technical","3_technical"
"578","3_technical","3_technical"
"579","3_technical","3_technical"
"580","3_technical","3_technical"
"581","2_writing","2_writing"
"582","3_technical","3_technical"
"583","3_technical","3_technical"
"584","2_writing","2_writing"
"585","2_writing","3_technical"
"586","3_technical","3_technical"
"587","4_logic","2_writing"
"588","3_technical","3_technical"
"589","3_technical","3_technical"
"590","3_technical","2_writing"
"591","3_technical","3_technical"
"592","2_writing","2_writing"
"593","3_technical","3_technical"
"594","3_technical","3_technical"
"595","3_technical","3_technical"
"596","4_logic","4_logic"
"597","2_writing","2_writing"
"598","3_technical","3_technical"
"599","3_technical","3_technical"
"600","3_technical","3_technical"
"601","2_writing","2_writing"
"602","3_technical","3_technical"
"603","3_technical","3_technical"
"604","4_logic","4_logic"
"605","3_technical","3_technical"
"606","2_writing","2_writing"
"607","3_technical","3_technical"
"608","3_technical","3_technical"
"609","2_writing","2_writing"
"610","4_logic","3_technical"
"611","3_technical","3_technical"
"612","3_technical","2_writing"
"613","3_technical","3_technical"
"614","2_writing","2_writing"
"615","2_writing","2_writing"
"616","2_writing","2_writing"
"617","4_logic","2_writing"
"618","3_technical","4_logic"
"619","3_technical","3_technical"
"620","3_technical","3_technical"
"621","3_technical","2_writing"
"622","3_technical","3_technical"
"623","3_technical","3_technical"
"624","2_writing","2_writing"
"625","4_logic","3_technical"
"626","3_technical","3_technical"
"627","3_technical","3_technical"
"628","3_technical","1_basic"
"629","3_technical","3_technical"
"630","2_writing","2_writing"
"631","4_logic","4_logic"
"632","2_writing","4_logic"
"633","2_writing","2_writing"
"634","3_technical","3_technical"
"635","3_technical","3_technical"
"636","3_technical","3_technical"
"637","2_writing","2_writing"
"638","3_technical","3_technical"
"639","2_writing","3_technical"
"640","3_technical","3_technical"
"641","3_technical","4_logic"
"642","4_logic","3_technical"
"643","1_basic","2_writing"
"644","3_technical","3_technical"
"645","3_technical","3_technical"
"646","3_technical","2_writing"
"647","3_technical","3_technical"
"648","3_technical","3_technical"
"649","4_logic","3_technical"
"650","3_technical","3_technical"
"651","3_technical","3_technical"
"652","4_logic","4_logic"
"653","2_writing","2_writing"
"654","2_writing","3_technical"
"655","2_writing","3_technical"
"656","3_technical","3_technical"
"657","2_writing","2_writing"
"658","2_writing","3_technical"
"659","2_writing","2_writing"
"660","3_technical","2_writing"
"661","3_technical","3_technical"
"662","3_technical","3_technical"
"663","4_logic","4_logic"
"664","3_technical","3_technical"
"665","3_technical","3_technical"
"666","2_writing","2_writing"
"667","2_writing","2_writing"
"668","4_logic","4_logic"
"669","3_technical","3_technical"
"670","2_writing","2_writing"
"671","2_writing","2_writing"
"672","2_writing","4_logic"
"673","3_technical","3_technical"
"674","3_technical","2_writing"
"675","3_technical","3_technical"
"676","2_writing","2_writing"
"677","3_technical","3_technical"
"678","2_writing","4_logic"
"679","3_technical","3_technical"
"680","4_logic","4_logic"
"681","3_technical","4_logic"
"682","2_writing","2_writing"
"683","3_technical","3_technical"
"684","4_logic","2_writing"
"685","1_basic","1_basic"
"686","2_writing","3_technical"
"687","3_technical","3_technical"
"688","2_writing","4_logic"
"689","2_writing","2_writing"
"690","4_logic","4_logic"
"691","4_logic","4_logic"
"692","2_writing","2_writing"
"693","2_writing","2_writing"
"694","3_technical","3_technical"
"695","2_writing","2_writing"
"696","2_writing","2_writing"
"697","3_technical","3_technical"
"698","3_technical","3_technical"
"699","2_writing","1_basic"
"700","4_logic","4_logic"
"701","4_logic","3_technical"
"702","2_writing","2_writing"
"703","3_technical","3_technical"
"704","3_technical","3_technical"
"705","4_logic","4_logic"
"706","3_technical","3_technical"
"707","4_logic","3_technical"
"708","4_logic","4_logic"
"709","2_writing","2_writing"
"710","3_technical","3_technical"
"711","3_technical","3_technical"
"712","3_technical","3_technical"
"713","3_technical","3_technical"
"714","2_writing","3_technical"
"715","3_technical","3_technical"
"716","2_writing","2_writing"
"717","2_writing","2_writing"
"718","2_writing","2_writing"
"719","2_writing","2_writing"
"720","3_technical","3_technical"
"721","4_logic","2_writing"
"722","2_writing","2_writing"
"723","2_writing","2_writing"
"724","3_technical","3_technical"
"725","3_technical","4_logic"
"726","3_technical","4_logic"
"727","4_logic","4_logic"
"728","2_writing","2_writing"
"729","3_technical","3_technical"
"730","2_writing","2_writing"
"731","3_technical","3_technical"
"732","3_technical","3_technical"
"733","2_writing","2_writing"
"734","2_writing","2_writing"
"735","3_technical","3_technical"
"736","2_writing","2_writing"
"737","3_technical","3_technical"
"738","3_technical","3_technical"
"739","2_writing","3_technical"
"740","4_logic","4_logic"
"741","2_writing","4_logic"
"742","2_writing","2_writing"
"743","3_technical","3_technical"
"744","2_writing","2_writing"
"745","3_technical","3_technical"
"746","4_logic","4_logic"
"747","2_writing","2_writing"
"748","3_technical","3_technical"
"749","3_technical","3_technical"
"750","2_writing","2_writing"
"751","3_technical","2_writing"
"752","2_writing","2_writing"
"753","3_technical","3_technical"
"754","3_technical","3_technical"
"755","3_technical","4_logic"
"756","3_technical","3_technical"
"757","3_technical","3_technical"
"758","2_writing","2_writing"
"759","3_technical","3_technical"
"760","3_technical","3_technical"
"761","3_technical","3_technical"
"762","2_writing","2_writing"
"763","4_logic","2_writing"
"764","3_technical","3_technical"
"765","3_technical","3_technical"
"766","4_logic","4_logic"
"767","3_technical","3_technical"
"768","3_technical","3_technical"
"769","3_technical","3_technical"
"770","2_writing","2_writing"
"771","4_logic","4_logic"
"772","4_logic","4_logic"
"773","3_technical","3_technical"
"774","3_technical","3_technical"
"775","2_writing","3_technical"
"776","3_technical","3_technical"
"777","4_logic","4_logic"
"778","2_writing","2_writing"
"779","3_technical","2_writing"
"780","2_writing","2_writing"
"781","4_logic","3_technical"
"782","2_writing","2_writing"
"783","2_writing","2_writing"
"784","3_technical","2_writing"
"785","3_technical","3_technical"
"786","3_technical","3_technical"
"787","4_logic","4_logic"
"788","2_writing","3_technical"
"789","3_technical","3_technical"
"790","3_technical","3_technical"
"791","3_technical","3_technical"
"792","3_technical","3_technical"
"793","4_logic","4_logic"
"794","4_logic","4_logic"
"795","2_writing","4_logic"
"796","3_technical","4_logic"
"797","3_technical","3_technical"
"798","3_technical","3_technical"
"799","3_technical","3_technical"
"800","3_technical","3_technical"
"801","2_writing","4_logic"
"802","2_writing","2_writing"
"803","3_technical","3_technical"
"804","2_writing","2_writing"
"805","2_writing","4_logic"
"806","3_technical","2_writing"
"807","4_logic","4_logic"
"808","3_technical","3_technical"
"809","3_technical","3_technical"
"810","4_logic","4_logic"
"811","2_writing","2_writing"
"812","4_logic","4_logic"
"813","3_technical","3_technical"
"814","4_logic","3_technical"
"815","1_basic","3_technical"
"816","2_writing","2_writing"
"817","2_writing","2_writing"
"818","3_technical","3_technical"
"819","3_technical","1_basic"
"820","3_technical","3_technical"
"821","2_writing","3_technical"
"822","3_technical","3_technical"
"823","2_writing","2_writing"
"824","3_technical","3_technical"
"825","3_technical","3_technical"
"826","3_technical","3_technical"
"827","2_writing","2_writing"
"828","2_writing","2_writing"
"829","2_writing","4_logic"
"830","3_technical","3_technical"
"831","4_logic","4_logic"
"832","2_writing","3_technical"
"833","4_logic","4_logic"
"834","1_basic","3_technical"
"835","3_technical","3_technical"
"836","1_basic","3_technical"
"837","4_logic","4_logic"
"838","4_logic","4_logic"
"839","3_technical","3_technical"
"840","3_technical","3_technical"
"841","3_technical","3_technical"
"842","2_writing","3_technical"
"843","3_technical","3_technical"
"844","2_writing","2_writing"
"845","3_technical","3_technical"
"846","2_writing","2_writing"
"847","3_technical","3_technical"
"848","2_writing","2_writing"
"849","4_logic","3_technical"
"850","3_technical","3_technical"
"851","3_technical","3_technical"
"852","3_technical","3_technical"
"853","3_technical","3_technical"
"854","3_technical","3_technical"
"855","2_writing","2_writing"
"856","3_technical","3_technical"
"857","3_technical","3_technical"
"858","3_technical","3_technical"
"859","2_writing","2_writing"
"860","2_writing","2_writing"
"861","3_technical","2_writing"
"862","2_writing","2_writing"
"863","2_writing","4_logic"
"864","3_technical","3_technical"
"865","3_technical","3_technical"
"866","3_technical","3_technical"
"867","3_technical","3_technical"
"868","3_technical","3_technical"
"869","3_technical","3_technical"
"870","2_writing","2_writing"
"871","3_technical","3_technical"
"872","3_technical","2_writing"
"873","4_logic","4_logic"
"874","3_technical","3_technical"
"875","3_technical","3_technical"
"876","3_technical","3_technical"
"877","2_writing","4_logic"
"878","2_writing","2_writing"
"879","2_writing","4_logic"
"880","3_technical","3_technical"
"881","3_technical","3_technical"
"882","2_writing","4_logic"
"883","3_technical","3_technical"
"884","3_technical","3_technical"
"885","4_logic","2_writing"
"886","3_technical","3_technical"
"887","3_technical","3_technical"
"888","4_logic","3_technical"
"889","3_technical","3_technical"
"890","2_writing","4_logic"
"891","3_technical","3_technical"
"892","3_technical","2_writing"
"893","2_writing","2_writing"
"894","2_writing","2_writing"
"895","4_logic","4_logic"
"896","3_technical","3_technical"
"897","2_writing","2_writing"
"898","3_technical","2_writing"
"899","3_technical","3_technical"
"900","3_technical","3_technical"
"901","4_logic","4_logic"
"902","3_technical","3_technical"
"903","2_writing","3_technical"
"904","3_technical","4_logic"
"905","3_technical","3_technical"
"906","3_technical","3_technical"
"907","3_technical","3_technical"
"908","3_technical","3_technical"
"909","3_technical","3_technical"
"910","3_technical","3_technical"
"911","3_technical","3_technical"
"912","4_logic","4_logic"
"913","2_writing","3_technical"
"914","2_writing","2_writing"
"915","3_technical","3_technical"
"916","3_technical","3_technical"
"917","2_writing","2_writing"
"918","3_technical","3_technical"
"919","3_technical","3_technical"
"920","3_technical","3_technical"
"921","3_technical","3_technical"
"922","3_technical","3_technical"
"923","2_writing","2_writing"
"924","2_writing","3_technical"
"925","3_technical","3_technical"
"926","3_technical","3_technical"
"927","4_logic","3_technical"
"928","2_writing","2_writing"
"929","2_writing","2_writing"
"930","3_technical","3_technical"
"931","2_writing","2_writing"
"932","3_technical","3_technical"
"933","3_technical","3_technical"
"934","4_logic","2_writing"
"935","2_writing","2_writing"
"936","3_technical","3_technical"
"937","3_technical","3_technical"
"938","3_technical","3_technical"
"939","3_technical","3_technical"
"940","3_technical","3_technical"
"941","2_writing","2_writing"
"942","2_writing","4_logic"
"943","3_technical","4_logic"
"944","2_writing","2_writing"
"945","3_technical","2_writing"
"946","3_technical","3_technical"
"947","3_technical","3_technical"
"948","2_writing","4_logic"
"949","3_technical","3_technical"
"950","3_technical","4_logic"
"951","3_technical","3_technical"
"952","1_basic","1_basic"
"953","2_writing","2_writing"
"954","3_technical","4_logic"
"955","2_writing","2_writing"
"956","3_technical","4_logic"
"957","2_writing","2_writing"
"958","3_technical","3_technical"
"959","3_technical","3_technical"
"960","2_writing","3_technical"
"961","3_technical","2_writing"
"962","2_writing","3_technical"
"963","3_technical","3_technical"
"964","3_technical","3_technical"
"965","3_technical","3_technical"
"966","2_writing","2_writing"
"967","4_logic","2_writing"
"968","4_logic","2_writing"
"969","3_technical","3_technical"
"970","4_logic","4_logic"
"971","3_technical","3_technical"
"972","3_technical","3_technical"
"973","3_technical","3_technical"
"974","3_technical","3_technical"
"975","2_writing","4_logic"
"976","3_technical","3_technical"
"977","3_technical","3_technical"
"978","2_writing","2_writing"
"979","2_writing","2_writing"
"980","2_writing","3_technical"
"981","3_technical","3_technical"
"982","3_technical","2_writing"
"983","3_technical","3_technical"
"984","3_technical","3_technical"
"985","3_technical","2_writing"
"986","2_writing","3_technical"
"987","2_writing","2_writing"
"988","3_technical","3_technical"
"989","3_technical","3_technical"
"990","2_writing","2_writing"
"991","1_basic","1_basic"
"992","4_logic","3_technical"
"993","2_writing","2_writing"
"994","4_logic","4_logic"
"995","3_technical","3_technical"
"996","2_writing","2_writing"
"997","3_technical","3_technical"
"998","2_writing","2_writing"
"999","2_writing","4_logic"
"1000","3_technical","4_logic"
"1001","3_technical","3_technical"
"1002","3_technical","3_technical"
"1003","2_writing","2_writing"
"1004","3_technical","3_technical"
"1005","3_technical","3_technical"
"1006","3_technical","4_logic"
"1007","3_technical","3_technical"
"1008","3_technical","3_technical"
"1009","3_technical","3_technical"
"1010","3_technical","3_technical"
"1011","3_technical","3_technical"
"1012","3_technical","3_technical"
"1013","4_logic","4_logic"
"1014","2_writing","2_writing"
"1015","2_writing","3_technical"
"1016","3_technical","3_technical"
"1017","2_writing","2_writing"
"1018","2_writing","2_writing"
"1019","3_technical","3_technical"
"1020","3_technical","3_technical"
"1021","4_logic","4_logic"
"1022","2_writing","2_writing"
"1023","2_writing","2_writing"
"1024","3_technical","3_technical"
"1025","3_technical","3_technical"
"1026","3_technical","3_technical"
"1027","3_technical","3_technical"
"1028","2_writing","2_writing"
"1029","2_writing","3_technical"
"1030","2_writing","3_technical"
"1031","3_technical","3_technical"
"1032","3_technical","3_technical"
"1033","3_technical","3_technical"
"1034","2_writing","2_writing"
"1035","2_writing","4_logic"
"1036","2_writing","2_writing"
"1037","3_technical","2_writing"
"1038","3_technical","3_technical"
"1039","4_logic","4_logic"
"1040","3_technical","3_technical"
"1041","3_technical","3_technical"
"1042","3_technical","3_technical"
"1043","3_technical","3_technical"
"1044","3_technical","3_technical"
"1045","4_logic","4_logic"
"1046","2_writing","2_writing"
"1047","2_writing","2_writing"
"1048","3_technical","3_technical"
"1049","3_technical","3_technical"
"1050","3_technical","3_technical"
"1051","3_technical","3_technical"
"1052","3_technical","3_technical"
"1053","4_logic","2_writing"
"1054","2_writing","4_logic"
"1055","3_technical","3_technical"
"1056","3_technical","3_technical"
"1057","3_technical","3_technical"
"1058","3_technical","3_technical"
"1059","2_writing","2_writing"
"1060","2_writing","2_writing"
"1061","3_technical","3_technical"
"1062","2_writing","3_technical"
"1063","3_technical","3_technical"
"1064","3_technical","3_technical"
"1065","3_technical","2_writing"
"1066","2_writing","2_writing"
"1067","2_writing","4_logic"
"1068","2_writing","3_technical"
"1069","2_writing","3_technical"
"1070","3_technical","3_technical"
"1071","3_technical","3_technical"
"1072","2_writing","3_technical"
"1073","3_technical","3_technical"
"1074","3_technical","3_technical"
"1075","3_technical","2_writing"
"1076","2_writing","2_writing"
"1077","4_logic","4_logic"
"1078","3_technical","3_technical"
"1079","4_logic","3_technical"
"1080","3_technical","3_technical"
"1081","2_writing","3_technical"
"1082","3_technical","3_technical"
"1083","2_writing","2_writing"
"1084","3_technical","3_technical"
"1085","2_writing","2_writing"
"1086","3_technical","3_technical"
"1087","3_technical","3_technical"
"1088","3_technical","3_technical"
"1089","3_technical","3_technical"
"1090","3_technical","3_technical"
"1091","3_technical","3_technical"
"1092","3_technical","3_technical"
"1093","3_technical","3_technical"
"1094","3_technical","2_writing"
"1095","4_logic","4_logic"
"1096","2_writing","2_writing"
"1097","3_technical","2_writing"
"1098","3_technical","3_technical"
"1099","3_technical","3_technical"
"1100","2_writing","2_writing"
"1101","2_writing","2_writing"
"1102","2_writing","2_writing"
"1103","2_writing","2_writing"
"1104","1_basic","1_basic"
"1105","2_writing","2_writing"
"1106","2_writing","3_technical"
"1107","2_writing","2_writing"
"1108","3_technical","3_technical"
"1109","2_writing","2_writing"
"1110","3_technical","3_technical"
"1111","3_technical","3_technical"
"1112","2_writing","3_technical"
"1113","3_technical","3_technical"
"1114","3_technical","3_technical"
"1115","2_writing","2_writing"
"1116","2_writing","2_writing"
"1117","3_technical","4_logic"
"1118","3_technical","3_technical"
"1119","3_technical","3_technical"
"1120","2_writing","2_writing"
"1121","4_logic","4_logic"
"1122","2_writing","3_technical"
"1123","3_technical","3_technical"
"1124","2_writing","2_writing"
"1125","2_writing","3_technical"
"1126","3_technical","2_writing"
"1127","1_basic","1_basic"
"1128","3_technical","3_technical"
"1129","3_technical","3_technical"
"1130","3_technical","3_technical"
"1131","2_writing","3_technical"
"1132","2_writing","2_writing"
"1133","3_technical","3_technical"
"1134","3_technical","4_logic"
"1135","2_writing","2_writing"
"1136","3_technical","3_technical"
"1137","3_technical","3_technical"
"1138","2_writing","2_writing"
"1139","4_logic","3_technical"
"1140","3_technical","4_logic"
"1141","3_technical","3_technical"
"1142","2_writing","2_writing"
"1143","2_writing","2_writing"
"1144","3_technical","3_technical"
"1145","3_technical","3_technical"
"1146","3_technical","2_writing"
"1147","3_technical","3_technical"
"1148","3_technical","3_technical"
"1149","2_writing","2_writing"
"1150","1_basic","2_writing"
"1151","2_writing","2_writing"
"1152","3_technical","3_technical"
"1153","2_writing","2_writing"
"1154","4_logic","4_logic"
"1155","2_writing","2_writing"
"1156","3_technical","3_technical"
"1157","2_writing","4_logic"
"1158","3_technical","3_technical"
"1159","2_writing","2_writing"
"1160","4_logic","4_logic"
"1161","3_technical","3_technical"
"1162","3_technical","3_technical"
"1163","3_technical","3_technical"
"1164","3_technical","3_technical"
"1165","3_technical","3_technical"
"1166","2_writing","2_writing"
"1167","3_technical","3_technical"
"1168","3_technical","3_technical"
"1169","2_writing","2_writing"
"1170","4_logic","4_logic"
"1171","3_technical","3_technical"
"1172","3_technical","3_technical"
"1173","3_technical","3_technical"
"1174","2_writing","4_logic"
"1175","3_technical","3_technical"
"1176","3_technical","2_writing"
"1177","3_technical","3_technical"
"1178","3_technical","3_technical"
"1179","3_technical","3_technical"
"1180","3_technical","3_technical"
"1181","3_technical","3_technical"
"1182","3_technical","3_technical"
"1183","2_writing","2_writing"
"1184","2_writing","2_writing"
"1185","2_writing","3_technical"
"1186","3_technical","3_technical"
"1187","3_technical","3_technical"
"1188","3_technical","3_technical"
"1189","3_technical","4_logic"
"1190","3_technical","3_technical"
"1191","3_technical","3_technical"
"1192","3_technical","1_basic"
"1193","3_technical","2_writing"
"1194","3_technical","3_technical"
"1195","3_technical","3_technical"
"1196","2_writing","2_writing"
"1197","4_logic","4_logic"
"1198","2_writing","2_writing"
"1199","2_writing","2_writing"
"1200","2_writing","2_writing"
"1201","3_technical","3_technical"
"1202","3_technical","4_logic"
"1203","2_writing","3_technical"
"1204","3_technical","3_technical"
"1205","3_technical","3_technical"
"1206","4_logic","4_logic"
"1207","3_technical","3_technical"
"1208","2_writing","2_writing"
"1209","4_logic","4_logic"
"1210","3_technical","3_technical"
"1211","2_writing","3_technical"
"1212","2_writing","4_logic"
"1213","2_writing","2_writing"
"1214","3_technical","3_technical"
"1215","3_technical","3_technical"
"1216","3_technical","3_technical"
"1217","3_technical","3_technical"
"1218","2_writing","2_writing"
"1219","3_technical","3_technical"
"1220","3_technical","3_technical"
"1221","2_writing","2_writing"
"1222","2_writing","1_basic"
"1223","3_technical","3_technical"
"1224","2_writing","2_writing"
"1225","2_writing","2_writing"
"1226","2_writing","4_logic"
"1227","3_technical","3_technical"
"1228","2_writing","1_basic"
"1229","3_technical","3_technical"
"1230","4_logic","4_logic"
"1231","3_technical","3_technical"
"1232","3_technical","3_technical"
"1233","3_technical","3_technical"
"1234","3_technical","2_writing"
"1235","3_technical","3_technical"
"1236","2_writing","2_writing"
"1237","3_technical","3_technical"
"1238","3_technical","3_technical"
"1239","3_technical","4_logic"
"1240","2_writing","3_technical"
"1241","3_technical","3_technical"
"1242","3_technical","3_technical"
"1243","4_logic","4_logic"
"1244","3_technical","3_technical"
"1245","3_technical","3_technical"
"1246","4_logic","4_logic"
"1247","3_technical","3_technical"
"1248","2_writing","2_writing"
"1249","3_technical","3_technical"
"1250","3_technical","3_technical"
"1251","2_writing","2_writing"
"1252","2_writing","3_technical"
"1253","4_logic","4_logic"
"1254","4_logic","4_logic"
"1255","3_technical","3_technical"
"1256","2_writing","2_writing"
"1257","3_technical","3_technical"
"1258","3_technical","3_technical"
"1259","4_logic","4_logic"
"1260","3_technical","3_technical"
"1261","1_basic","1_basic"
"1262","2_writing","2_writing"
"1263","2_writing","2_writing"
"1264","3_technical","3_technical"
"1265","3_technical","2_writing"
"1266","2_writing","2_writing"
"1267","4_logic","3_technical"
"1268","3_technical","3_technical"
"1269","3_technical","3_technical"
"1270","3_technical","3_technical"
"1271","4_logic","4_logic"
"1272","2_writing","2_writing"
"1273","3_technical","3_technical"
"1274","3_technical","3_technical"
"1275","3_technical","2_writing"
"1276","3_technical","3_technical"
"1277","3_technical","3_technical"
"1278","3_technical","3_technical"
"1279","3_technical","3_technical"
"1280","1_basic","1_basic"
"1281","3_technical","3_technical"
"1282","3_technical","3_technical"
"1283","2_writing","2_writing"
"1284","2_writing","2_writing"
"1285","2_writing","2_writing"
"1286","3_technical","3_technical"
"1287","3_technical","3_technical"
"1288","3_technical","2_writing"
"1289","2_writing","3_technical"
"1290","3_technical","3_technical"
"1291","3_technical","3_technical"
"1292","3_technical","2_writing"
"1293","2_writing","2_writing"
"1294","3_technical","3_technical"
"1295","3_technical","1_basic"
"1296","2_writing","4_logic"
"1297","3_technical","3_technical"
"1298","3_technical","3_technical"
"1299","3_technical","4_logic"
"1300","3_technical","3_technical"
"1301","3_technical","3_technical"
"1302","3_technical","3_technical"
"1303","4_logic","4_logic"
"1304","3_technical","3_technical"
"1305","3_technical","3_technical"
"1306","2_writing","2_writing"
"1307","3_technical","3_technical"
"1308","3_technical","3_technical"
"1309","3_technical","3_technical"
"1310","3_technical","3_technical"
"1311","2_writing","2_writing"
"1312","3_technical","3_technical"
"1313","2_writing","2_writing"
"1314","3_technical","3_technical"
"1315","2_writing","4_logic"
"1316","2_writing","3_technical"
"1317","3_technical","3_technical"
"1318","3_technical","3_technical"
"1319","3_technical","4_logic"
"1320","3_technical","3_technical"
"1321","3_technical","3_technical"
"1322","2_writing","3_technical"
"1323","2_writing","3_technical"
"1324","4_logic","4_logic"
"1325","3_technical","3_technical"
"1326","3_technical","3_technical"
"1327","4_logic","4_logic"
"1328","3_technical","3_technical"
"1329","3_technical","3_technical"
"1330","4_logic","4_logic"
"1331","3_technical","2_writing"
"1332","2_writing","4_logic"
"1333","2_writing","2_writing"
"1334","2_writing","2_writing"
"1335","3_technical","3_technical"
"1336","3_technical","3_technical"
"1337","2_writing","4_logic"
"1338","3_technical","3_technical"
"1339","3_technical","3_technical"
"1340","2_writing","2_writing"
"1341","3_technical","3_technical"
"1342","3_technical","3_technical"
"1343","3_technical","1_basic"
"1344","4_logic","4_logic"
"1345","3_technical","3_technical"
"1346","3_technical","2_writing"
"1347","3_technical","4_logic"
"1348","2_writing","2_writing"
"1349","3_technical","3_technical"
"1350","3_technical","3_technical"
"1351","3_technical","3_technical"
"1352","2_writing","2_writing"
"1353","3_technical","3_technical"
"1354","2_writing","2_writing"
"1355","3_technical","3_technical"
"1356","3_technical","3_technical"
"1357","3_technical","3_technical"
"1358","3_technical","3_technical"
"1359","3_technical","3_technical"
"1360","3_technical","3_technical"
"1361","2_writing","3_technical"
"1362","3_technical","3_technical"
"1363","3_technical","3_technical"
"1364","3_technical","1_basic"
"1365","1_basic","3_technical"
"1366","3_technical","3_technical"
"1367","3_technical","3_technical"
"1368","2_writing","2_writing"
"1369","2_writing","2_writing"
"1370","3_technical","3_technical"
"1371","3_technical","3_technical"
"1372","2_writing","4_logic"
"1373","4_logic","4_logic"
"1374","3_technical","3_technical"
"1375","3_technical","3_technical"
"1376","3_technical","3_technical"
"1377","3_technical","3_technical"
"1378","3_technical","3_technical"
"1379","3_technical","3_technical"
"1380","3_technical","3_technical"
"1381","4_logic","2_writing"
"1382","4_logic","4_logic"
"1383","2_writing","2_writing"
"1384","3_technical","2_writing"
"1385","3_technical","3_technical"
"1386","4_logic","4_logic"
"1387","2_writing","3_technical"
"1388","3_technical","3_technical"
"1389","3_technical","3_technical"
"1390","4_logic","4_logic"
"1391","3_technical","3_technical"
"1392","3_technical","3_technical"
"1393","3_technical","3_technical"
"1394","3_technical","2_writing"
"1395","4_logic","4_logic"
"1396","4_logic","4_logic"
"1397","3_technical","3_technical"
"1398","4_logic","3_technical"
"1399","3_technical","3_technical"
"1400","2_writing","2_writing"
"1401","3_technical","3_technical"
"1402","3_technical","3_technical"
"1403","3_technical","3_technical"
"1404","3_technical","3_technical"
"1405","3_technical","3_technical"
"1406","2_writing","2_writing"
"1407","3_technical","3_technical"
"1408","3_technical","2_writing"
"1409","3_technical","3_technical"
"1410","3_technical","3_technical"
"1411","2_writing","2_writing"
"1412","3_technical","3_technical"
"1413","3_technical","3_technical"
"1414","3_technical","3_technical"
"1415","2_writing","2_writing"
"1416","2_writing","3_technical"
"1417","2_writing","2_writing"
"1418","3_technical","3_technical"
"1419","1_basic","1_basic"
"1420","4_logic","4_logic"
"1421","4_logic","4_logic"
"1422","2_writing","2_writing"
"1423","2_writing","2_writing"
"1424","3_technical","3_technical"
"1425","4_logic","4_logic"
"1426","3_technical","3_technical"
"1427","2_writing","2_writing"
"1428","2_writing","2_writing"
"1429","4_logic","4_logic"
"1430","3_technical","3_technical"
"1431","2_writing","2_writing"
"1432","2_writing","3_technical"
"1433","4_logic","4_logic"
"1434","3_technical","2_writing"
"1435","3_technical","3_technical"
"1436","3_technical","3_technical"
"1437","3_technical","3_technical"
"1438","3_technical","3_technical"
"1439","3_technical","3_technical"
"1440","4_logic","4_logic"
"1441","2_writing","2_writing"
"1442","2_writing","3_technical"
"1443","3_technical","3_technical"
"1444","2_writing","2_writing"
"1445","2_writing","3_technical"
"1446","3_technical","3_technical"
"1447","3_technical","3_technical"
"1448","3_technical","3_technical"
"1449","3_technical","3_technical"
"1450","3_technical","3_technical"
"1451","3_technical","2_writing"
"1452","3_technical","3_technical"
"1453","4_logic","4_logic"
"1454","4_logic","4_logic"
"1455","3_technical","3_technical"
"1456","2_writing","2_writing"
"1457","2_writing","2_writing"
"1458","3_technical","3_technical"
"1459","2_writing","2_writing"
"1460","3_technical","3_technical"
"1461","3_technical","3_technical"
"1462","2_writing","4_logic"
"1463","2_writing","4_logic"
"1464","3_technical","3_technical"
"1465","3_technical","3_technical"
"1466","3_technical","2_writing"
"1467","4_logic","2_writing"
"1468","3_technical","4_logic"
"1469","4_logic","4_logic"
"1470","2_writing","2_writing"
"1471","2_writing","2_writing"
"1472","2_writing","2_writing"
"1473","3_technical","3_technical"
"1474","3_technical","3_technical"
"1475","2_writing","4_logic"
"1476","2_writing","2_writing"
"1477","3_technical","3_technical"
"1478","3_technical","3_technical"
"1479","3_technical","3_technical"
"1480","3_technical","3_technical"
"1481","3_technical","3_technical"
"1482","3_technical","3_technical"
"1483","2_writing","2_writing"
"1484","3_technical","4_logic"
"1485","3_technical","3_technical"
"1486","2_writing","2_writing"
"1487","4_logic","3_technical"
"1488","3_technical","3_technical"
"1489","2_writing","2_writing"
"1490","3_technical","3_technical"
"1491","2_writing","3_technical"
"1492","3_technical","2_writing"
"1493","3_technical","3_technical"
"1494","1_basic","1_basic"
"1495","3_technical","3_technical"
"1496","3_technical","3_technical"
"1497","3_technical","3_technical"
"1498","2_writing","2_writing"
"1499","2_writing","2_writing"
"1500","2_writing","3_technical"
"1501","2_writing","2_writing"
"1502","3_technical","3_technical"
"1503","3_technical","3_technical"
"1504","4_logic","4_logic"
"1505","3_technical","2_writing"
"1506","2_writing","2_writing"
"1507","3_technical","3_technical"
"1508","2_writing","2_writing"
"1509","3_technical","3_technical"
"1510","3_technical","3_technical"
"1511","3_technical","3_technical"
"1512","4_logic","2_writing"
"1513","3_technical","3_technical"
"1514","3_technical","3_technical"
"1515","3_technical","3_technical"
"1516","3_technical","3_technical"
"1517","2_writing","2_writing"
"1518","2_writing","2_writing"
"1519","3_technical","3_technical"
"1520","2_writing","2_writing"
"1521","2_writing","2_writing"
"1522","3_technical","2_writing"
"1523","3_technical","3_technical"
"1524","3_technical","3_technical"
"1525","3_technical","3_technical"
"1526","3_technical","3_technical"
"1527","3_technical","3_technical"
"1528","3_technical","3_technical"
"1529","2_writing","3_technical"
"1530","2_writing","3_technical"
"1531","3_technical","3_technical"
"1532","3_technical","3_technical"
"1533","3_technical","3_technical"
"1534","2_writing","2_writing"
"1535","3_technical","3_technical"
"1536","3_technical","3_technical"
"1537","3_technical","2_writing"
"1538","3_technical","2_writing"
"1539","3_technical","3_technical"
"1540","3_technical","3_technical"
"1541","2_writing","2_writing"
"1542","4_logic","2_writing"
"1543","2_writing","2_writing"
"1544","4_logic","3_technical"
"1545","2_writing","2_writing"
"1546","3_technical","3_technical"
"1547","2_writing","2_writing"
"1548","3_technical","2_writing"
"1549","3_technical","2_writing"
"1550","3_technical","3_technical"
"1551","3_technical","3_technical"
"1552","2_writing","2_writing"
"1553","3_technical","3_technical"
"1554","3_technical","3_technical"
"1555","2_writing","2_writing"
"1556","4_logic","3_technical"
"1557","3_technical","3_technical"
"1558","3_technical","4_logic"
"1559","2_writing","3_technical"
"1560","4_logic","4_logic"
"1561","3_technical","3_technical"
"1562","3_technical","3_technical"
"1563","3_technical","3_technical"
"1564","3_technical","3_technical"
"1565","2_writing","2_writing"
"1566","2_writing","2_writing"
"1567","3_technical","3_technical"
"1568","3_technical","3_technical"
"1569","4_logic","4_logic"
"1570","2_writing","4_logic"
"1571","3_technical","3_technical"
"1572","3_technical","3_technical"
"1573","3_technical","3_technical"
"1574","3_technical","3_technical"
"1575","2_writing","4_logic"
"1576","3_technical","3_technical"
"1577","2_writing","2_writing"
"1578","2_writing","2_writing"
"1579","3_technical","3_technical"
"1580","1_basic","3_technical"
"1581","4_logic","2_writing"
"1582","3_technical","4_logic"
"1583","3_technical","3_technical"
"1584","3_technical","3_technical"
"1585","3_technical","3_technical"
"1586","3_technical","3_technical"
"1587","3_technical","3_technical"
"1588","3_technical","3_technical"
"1589","2_writing","2_writing"
"1590","3_technical","3_technical"
"1591","2_writing","2_writing"
"1592","3_technical","3_technical"
"1593","3_technical","3_technical"
"1594","3_technical","3_technical"
"1595","3_technical","2_writing"
"1596","3_technical","2_writing"
"1597","1_basic","1_basic"
"1598","4_logic","4_logic"
"1599","3_technical","3_technical"
"1600","3_technical","3_technical"
"1601","3_technical","3_technical"
"1602","4_logic","4_logic"
"1603","3_technical","3_technical"
"1604","3_technical","3_technical"
"1605","3_technical","3_technical"
"1606","3_technical","3_technical"
"1607","2_writing","1_basic"
"1608","2_writing","2_writing"
"1609","2_writing","2_writing"
"1610","2_writing","2_writing"
"1611","3_technical","3_technical"
"1612","3_technical","2_writing"
"1613","3_technical","3_technical"
"1614","1_basic","1_basic"
"1615","2_writing","2_writing"
"1616","4_logic","4_logic"
"1617","3_technical","3_technical"
"1618","3_technical","3_technical"
"1619","3_technical","3_technical"
"1620","3_technical","3_technical"
"1621","3_technical","3_technical"
"1622","3_technical","3_technical"
"1623","3_technical","2_writing"
"1624","3_technical","3_technical"
"1625","2_writing","2_writing"
"1626","2_writing","2_writing"
"1627","3_technical","3_technical"
"1628","3_technical","3_technical"
"1629","3_technical","3_technical"
"1630","3_technical","3_technical"
"1631","3_technical","3_technical"
"1632","4_logic","4_logic"
"1633","2_writing","2_writing"
"1634","2_writing","4_logic"
"1635","1_basic","1_basic"
"1636","4_logic","4_logic"
"1637","4_logic","4_logic"
"1638","3_technical","3_technical"
"1639","3_technical","1_basic"
"1640","2_writing","2_writing"
"1641","2_writing","2_writing"
"1642","2_writing","2_writing"
"1643","2_writing","2_writing"
"1644","2_writing","4_logic"
"1645","2_writing","2_writing"
"1646","2_writing","2_writing"
"1647","2_writing","2_writing"
"1648","3_technical","3_technical"
"1649","3_technical","3_technical"
"1650","3_technical","3_technical"
"1651","3_technical","3_technical"
"1652","3_technical","3_technical"
"1653","3_technical","3_technical"
"1654","3_technical","3_technical"
"1655","2_writing","2_writing"
"1656","3_technical","3_technical"
"1657","2_writing","3_technical"
"1658","3_technical","3_technical"
"1659","2_writing","4_logic"
"1660","3_technical","3_technical"
"1661","3_technical","2_writing"
"1662","2_writing","2_writing"
"1663","3_technical","3_technical"
"1664","3_technical","3_technical"
"1665","3_technical","3_technical"
"1666","3_technical","2_writing"
"1667","3_technical","3_technical"
"1668","3_technical","3_technical"
"1669","3_technical","3_technical"
"1670","3_technical","3_technical"
"1671","2_writing","2_writing"
"1672","3_technical","3_technical"
"1673","3_technical","3_technical"
"1674","3_technical","3_technical"
"1675","3_technical","2_writing"
"1676","3_technical","2_writing"
"1677","3_technical","3_technical"
"1678","2_writing","3_technical"
"1679","2_writing","2_writing"
"1680","4_logic","2_writing"
"1681","3_technical","3_technical"
"1682","2_writing","2_writing"
"1683","3_technical","2_writing"
"1684","3_technical","3_technical"
"1685","3_technical","2_writing"
"1686","3_technical","3_technical"
"1687","2_writing","3_technical"
"1688","3_technical","3_technical"
"1689","3_technical","3_technical"
"1690","2_writing","2_writing"
"1691","2_writing","2_writing"
"1692","2_writing","2_writing"
"1693","4_logic","4_logic"
"1694","3_technical","3_technical"
"1695","2_writing","2_writing"
"1696","3_technical","3_technical"
"1697","3_technical","3_technical"
"1698","3_technical","3_technical"
"1699","3_technical","3_technical"
"1700","3_technical","3_technical"
"1701","3_technical","3_technical"
"1702","3_technical","3_technical"
"1703","2_writing","3_technical"
"1704","3_technical","3_technical"
"1705","1_basic","1_basic"
"1706","3_technical","3_technical"
"1707","2_writing","2_writing"
"1708","3_technical","3_technical"
"1709","4_logic","2_writing"
"1710","3_technical","3_technical"
"1711","3_technical","3_technical"
"1712","3_technical","3_technical"
"1713","3_technical","3_technical"
"1714","3_technical","3_technical"
"1715","4_logic","4_logic"
"1716","3_technical","3_technical"
"1717","3_technical","3_technical"
"1718","3_technical","3_technical"
"1719","3_technical","2_writing"
"1720","2_writing","3_technical"
"1721","3_technical","3_technical"
"1722","3_technical","3_technical"
"1723","3_technical","3_technical"
"1724","3_technical","3_technical"
"1725","3_technical","3_technical"
"1726","3_technical","2_writing"
"1727","3_technical","2_writing"
"1728","3_technical","4_logic"
"1729","4_logic","4_logic"
"1730","3_technical","3_technical"
"1731","3_technical","2_writing"
"1732","3_technical","3_technical"
"1733","3_technical","4_logic"
"1734","2_writing","2_writing"
"1735","2_writing","2_writing"
"1736","3_technical","3_technical"
"1737","2_writing","2_writing"
"1738","3_technical","3_technical"
"1739","3_technical","3_technical"
"1740","3_technical","3_technical"
"1741","3_technical","3_technical"
"1742","2_writing","3_technical"
"1743","3_technical","3_technical"
"1744","3_technical","2_writing"
"1745","3_technical","3_technical"
"1746","3_technical","3_technical"
"1747","3_technical","3_technical"
"1748","2_writing","4_logic"
"1749","2_writing","4_logic"
"1750","3_technical","3_technical"
"1751","3_technical","3_technical"
"1752","3_technical","3_technical"
"1753","3_technical","3_technical"
"1754","3_technical","3_technical"
"1755","2_writing","2_writing"
"1756","3_technical","3_technical"
"1757","3_technical","3_technical"
"1758","2_writing","2_writing"
"1759","4_logic","4_logic"
"1760","3_technical","3_technical"
"1761","2_writing","2_writing"
"1762","2_writing","2_writing"
"1763","3_technical","4_logic"
"1764","2_writing","2_writing"
"1765","3_technical","3_technical"
"1766","3_technical","3_technical"
"1767","2_writing","4_logic"
"1768","3_technical","3_technical"
"1769","3_technical","2_writing"
"1770","4_logic","4_logic"
"1771","2_writing","4_logic"
"1772","3_technical","3_technical"
"1773","2_writing","2_writing"
"1774","3_technical","3_technical"
"1775","3_technical","3_technical"
"1776","3_technical","3_technical"
"1777","3_technical","3_technical"
"1778","3_technical","3_technical"
"1779","2_writing","2_writing"
"1780","3_technical","3_technical"
"1781","2_writing","3_technical"
"1782","3_technical","2_writing"
"1783","3_technical","3_technical"
"1784","4_logic","3_technical"
"1785","2_writing","3_technical"
"1786","2_writing","4_logic"
"1787","3_technical","3_technical"
"1788","3_technical","3_technical"
"1789","2_writing","3_technical"
"1790","3_technical","3_technical"
"1791","3_technical","3_technical"
"1792","4_logic","4_logic"
"1793","2_writing","2_writing"
"1794","3_technical","3_technical"
"1795","3_technical","4_logic"
"1796","2_writing","3_technical"
"1797","3_technical","3_technical"
"1798","3_technical","3_technical"
"1799","4_logic","4_logic"
"1800","3_technical","3_technical"
"1801","3_technical","3_technical"
"1802","3_technical","3_technical"
"1803","3_technical","3_technical"
"1804","3_technical","3_technical"
"1805","3_technical","3_technical"
"1806","4_logic","4_logic"
"1807","3_technical","3_technical"
"1808","3_technical","3_technical"
"1809","3_technical","2_writing"
"1810","2_writing","2_writing"
"1811","2_writing","2_writing"
"1812","2_writing","2_writing"
"1813","4_logic","4_logic"
"1814","3_technical","3_technical"
"1815","3_technical","3_technical"
"1816","3_technical","3_technical"
"1817","3_technical","3_technical"
"1818","2_writing","2_writing"
"1819","2_writing","3_technical"
"1820","3_technical","3_technical"
"1821","4_logic","4_logic"
"1822","2_writing","2_writing"
"1823","2_writing","2_writing"
"1824","3_technical","3_technical"
"1825","3_technical","3_technical"
"1826","3_technical","3_technical"
"1827","3_technical","3_technical"
"1828","3_technical","3_technical"
"1829","2_writing","2_writing"
"1830","3_technical","1_basic"
"1831","4_logic","3_technical"
"1832","1_basic","3_technical"
"1833","4_logic","4_logic"
"1834","3_technical","3_technical"
"1835","3_technical","3_technical"
"1836","3_technical","3_technical"
"1837","2_writing","2_writing"
"1838","3_technical","3_technical"
"1839","2_writing","2_writing"
"1840","3_technical","3_technical"
"1841","3_technical","3_technical"
"1842","2_writing","3_technical"
"1843","4_logic","3_technical"
"1844","3_technical","3_technical"
"1845","3_technical","3_technical"
"1846","3_technical","4_logic"
"1847","2_writing","2_writing"
"1848","3_technical","3_technical"
"1849","3_technical","3_technical"
"1850","3_technical","3_technical"
"1851","2_writing","3_technical"
"1852","3_technical","3_technical"
"1853","3_technical","3_technical"
"1854","3_technical","3_technical"
"1855","1_basic","3_technical"
"1856","3_technical","3_technical"
"1857","3_technical","3_technical"
"1858","2_writing","1_basic"
"1859","3_technical","3_technical"
"1860","3_technical","3_technical"
"1861","2_writing","2_writing"
"1862","4_logic","4_logic"
"1863","3_technical","3_technical"
"1864","2_writing","2_writing"
"1865","2_writing","4_logic"
"1866","2_writing","2_writing"
"1867","2_writing","2_writing"
"1868","3_technical","2_writing"
"1869","3_technical","3_technical"
"1870","2_writing","2_writing"
"1871","2_writing","4_logic"
"1872","3_technical","3_technical"
"1873","3_technical","3_technical"
"1874","3_technical","3_technical"
"1875","3_technical","3_technical"
"1876","3_technical","4_logic"
"1877","2_writing","2_writing"
"1878","2_writing","2_writing"
"1879","4_logic","3_technical"
"1880","3_technical","4_logic"
"1881","3_technical","3_technical"
"1882","4_logic","3_technical"
"1883","3_technical","3_technical"
"1884","3_technical","3_technical"
"1885","4_logic","4_logic"
"1886","3_technical","3_technical"
"1887","4_logic","4_logic"
"1888","3_technical","3_technical"
"1889","2_writing","4_logic"
"1890","3_technical","3_technical"
"1891","3_technical","3_technical"
"1892","2_writing","2_writing"
"1893","3_technical","3_technical"
"1894","3_technical","3_technical"
"1895","3_technical","2_writing"
"1896","2_writing","3_technical"
"1897","3_technical","3_technical"
"1898","2_writing","2_writing"
"1899","4_logic","4_logic"
"1900","3_technical","3_technical"
"1901","2_writing","2_writing"
"1902","3_technical","2_writing"
"1903","3_technical","3_technical"
"1904","3_technical","3_technical"
"1905","2_writing","2_writing"
"1906","3_technical","3_technical"
"1907","2_writing","2_writing"
"1908","3_technical","3_technical"
"1909","4_logic","3_technical"
"1910","3_technical","3_technical"
"1911","3_technical","3_technical"
"1912","3_technical","3_technical"
"1913","2_writing","3_technical"
"1914","3_technical","3_technical"
"1915","3_technical","3_technical"
"1916","4_logic","4_logic"
"1917","2_writing","2_writing"
"1918","2_writing","2_writing"
"1919","2_writing","2_writing"
"1920","3_technical","3_technical"
"1921","2_writing","4_logic"
"1922","3_technical","2_writing"
"1923","2_writing","4_logic"
"1924","2_writing","2_writing"
"1925","3_technical","3_technical"
"1926","2_writing","2_writing"
"1927","3_technical","3_technical"
"1928","3_technical","3_technical"
"1929","3_technical","3_technical"
"1930","2_writing","2_writing"
"1931","3_technical","3_technical"
"1932","2_writing","3_technical"
"1933","4_logic","4_logic"
"1934","2_writing","3_technical"
"1935","3_technical","3_technical"
"1936","2_writing","2_writing"
"1937","3_technical","3_technical"
"1938","3_technical","3_technical"
"1939","3_technical","3_technical"
"1940","3_technical","3_technical"
"1941","2_writing","2_writing"
"1942","3_technical","3_technical"
"1943","2_writing","2_writing"
"1944","2_writing","2_writing"
"1945","4_logic","2_writing"
"1946","3_technical","2_writing"
"1947","3_technical","2_writing"
"1948","3_technical","3_technical"
"1949","2_writing","2_writing"
"1950","3_technical","3_technical"
"1951","3_technical","3_technical"
"1952","3_technical","3_technical"
"1953","3_technical","3_technical"
"1954","2_writing","2_writing"
"1955","3_technical","3_technical"
"1956","3_technical","3_technical"
"1957","3_technical","3_technical"
"1958","2_writing","3_technical"
"1959","3_technical","3_technical"
"1960","3_technical","3_technical"
"1961","3_technical","2_writing"
"1962","4_logic","2_writing"
"1963","2_writing","2_writing"
"1964","4_logic","4_logic"
"1965","3_technical","2_writing"
"1966","3_technical","3_technical"
"1967","2_writing","2_writing"
"1968","2_writing","3_technical"
"1969","3_technical","3_technical"
"1970","2_writing","2_writing"
"1971","3_technical","2_writing"
"1972","3_technical","3_technical"
"1973","3_technical","3_technical"
"1974","3_technical","3_technical"
"1975","4_logic","2_writing"
"1976","4_logic","3_technical"
"1977","3_technical","3_technical"
"1978","2_writing","3_technical"
"1979","3_technical","3_technical"
"1980","3_technical","3_technical"
"1981","3_technical","3_technical"
"1982","2_writing","2_writing"
"1983","2_writing","2_writing"
"1984","4_logic","4_logic"
"1985","3_technical","3_technical"
"1986","3_technical","3_technical"
"1987","3_technical","3_technical"
"1988","3_technical","3_technical"
"1989","3_technical","3_technical"
"1990","2_writing","2_writing"
"1991","3_technical","2_writing"
"1992","3_technical","2_writing"
"1993","2_writing","2_writing"
"1994","3_technical","3_technical"
"1995","4_logic","4_logic"
"1996","2_writing","4_logic"
"1997","3_technical","3_technical"
"1998","3_technical","3_technical"
"1999","4_logic","4_logic"
"2000","2_writing","2_writing"
"2001","3_technical","3_technical"
"2002","4_logic","3_technical"
"2003","3_technical","3_technical"
"2004","2_writing","2_writing"
"2005","2_writing","3_technical"
"2006","3_technical","3_technical"
"2007","4_logic","4_logic"
"2008","3_technical","3_technical"
"2009","2_writing","3_technical"
"2010","2_writing","2_writing"
"2011","3_technical","3_technical"
"2012","2_writing","2_writing"
"2013","3_technical","3_technical"
"2014","4_logic","4_logic"
"2015","4_logic","4_logic"
"2016","3_technical","3_technical"
"2017","3_technical","3_technical"
"2018","3_technical","3_technical"
"2019","3_technical","3_technical"
"2020","3_technical","3_technical"
"2021","2_writing","2_writing"
"2022","3_technical","3_technical"
"2023","3_technical","3_technical"
"2024","4_logic","4_logic"
"2025","2_writing","2_writing"
"2026","2_writing","2_writing"
"2027","4_logic","4_logic"
"2028","3_technical","3_technical"
"2029","2_writing","2_writing"
"2030","3_technical","3_technical"
"2031","3_technical","4_logic"
"2032","2_writing","2_writing"
"2033","2_writing","3_technical"
"2034","4_logic","2_writing"
"2035","3_technical","3_technical"
"2036","2_writing","2_writing"
"2037","3_technical","3_technical"
"2038","3_technical","4_logic"
"2039","2_writing","2_writing"
"2040","4_logic","4_logic"
"2041","2_writing","2_writing"
"2042","3_technical","3_technical"
"2043","3_technical","3_technical"
"2044","3_technical","3_technical"
"2045","3_technical","3_technical"
"2046","2_writing","2_writing"
"2047","3_technical","3_technical"
"2048","3_technical","3_technical"
"2049","3_technical","3_technical"
"2050","2_writing","4_logic"
"2051","4_logic","4_logic"
"2052","3_technical","2_writing"
"2053","3_technical","3_technical"
"2054","3_technical","2_writing"
"2055","3_technical","3_technical"
"2056","3_technical","3_technical"
"2057","3_technical","3_technical"
"2058","3_technical","3_technical"
"2059","2_writing","2_writing"
"2060","3_technical","3_technical"
"2061","3_technical","3_technical"
"2062","2_writing","2_writing"
"2063","3_technical","2_writing"
"2064","3_technical","3_technical"
"2065","2_writing","2_writing"
"2066","3_technical","3_technical"
"2067","3_technical","3_technical"
"2068","3_technical","3_technical"
"2069","2_writing","3_technical"
"2070","2_writing","2_writing"
"2071","2_writing","2_writing"
"2072","3_technical","3_technical"
"2073","3_technical","2_writing"
"2074","3_technical","3_technical"
"2075","3_technical","3_technical"
"2076","3_technical","3_technical"
"2077","3_technical","3_technical"
"2078","3_technical","3_technical"
"2079","3_technical","3_technical"
"2080","4_logic","4_logic"
"2081","2_writing","3_technical"
"2082","3_technical","3_technical"
"2083","3_technical","3_technical"
"2084","3_technical","3_technical"
"2085","3_technical","3_technical"
"2086","3_technical","3_technical"
"2087","3_technical","3_technical"
"2088","4_logic","2_writing"
"2089","3_technical","3_technical"
"2090","4_logic","2_writing"
"2091","2_writing","4_logic"
"2092","3_technical","2_writing"
"2093","2_writing","3_technical"
"2094","2_writing","2_writing"
"2095","3_technical","3_technical"
"2096","3_technical","3_technical"
"2097","3_technical","3_technical"
"2098","3_technical","3_technical"
"2099","3_technical","3_technical"
"2100","3_technical","3_technical"
"2101","3_technical","3_technical"
"2102","1_basic","3_technical"
"2103","2_writing","2_writing"
"2104","4_logic","4_logic"
"2105","2_writing","2_writing"
"2106","2_writing","4_logic"
"2107","3_technical","3_technical"
"2108","3_technical","3_technical"
"2109","3_technical","3_technical"
"2110","4_logic","2_writing"
"2111","3_technical","3_technical"
"2112","3_technical","3_technical"
"2113","3_technical","3_technical"
"2114","3_technical","4_logic"
"2115","3_technical","3_technical"
"2116","3_technical","2_writing"
"2117","3_technical","3_technical"
"2118","3_technical","3_technical"
"2119","3_technical","3_technical"
"2120","1_basic","1_basic"
"2121","3_technical","3_technical"
"2122","3_technical","3_technical"
"2123","3_technical","3_technical"
"2124","3_technical","3_technical"
"2125","2_writing","2_writing"
"2126","1_basic","1_basic"
"2127","2_writing","3_technical"
"2128","2_writing","2_writing"
"2129","3_technical","3_technical"
"2130","3_technical","3_technical"
"2131","4_logic","4_logic"
"2132","2_writing","2_writing"
"2133","3_technical","3_technical"
"2134","2_writing","2_writing"
"2135","3_technical","3_technical"
"2136","2_writing","2_writing"
"2137","3_technical","3_technical"
"2138","4_logic","4_logic"
"2139","3_technical","3_technical"
"2140","3_technical","3_technical"
"2141","3_technical","4_logic"
"2142","3_technical","3_technical"
"2143","2_writing","2_writing"
"2144","3_technical","3_technical"
"2145","3_technical","3_technical"
"2146","3_technical","3_technical"
"2147","2_writing","2_writing"
"2148","2_writing","1_basic"
"2149","3_technical","2_writing"
"2150","2_writing","3_technical"
"2151","3_technical","3_technical"
"2152","3_technical","3_technical"
"2153","2_writing","2_writing"
"2154","3_technical","3_technical"
"2155","3_technical","3_technical"
"2156","3_technical","3_technical"
"2157","3_technical","3_technical"
"2158","3_technical","3_technical"
"2159","3_technical","3_technical"
"2160","4_logic","4_logic"
"2161","4_logic","4_logic"
"2162","2_writing","2_writing"
"2163","2_writing","2_writing"
"2164","1_basic","1_basic"
"2165","3_technical","3_technical"
"2166","3_technical","2_writing"
"2167","2_writing","2_writing"
"2168","3_technical","3_technical"
"2169","3_technical","3_technical"
"2170","3_technical","4_logic"
"2171","2_writing","2_writing"
"2172","3_technical","3_technical"
"2173","4_logic","3_technical"
"2174","3_technical","3_technical"
"2175","2_writing","2_writing"
"2176","2_writing","2_writing"
"2177","3_technical","3_technical"
"2178","3_technical","2_writing"
"2179","4_logic","3_technical"
"2180","3_technical","3_technical"
"2181","2_writing","2_writing"
"2182","3_technical","3_technical"
"2183","3_technical","2_writing"
"2184","4_logic","4_logic"
"2185","2_writing","2_writing"
"2186","3_technical","3_technical"
"2187","2_writing","2_writing"
"2188","3_technical","3_technical"
"2189","3_technical","3_technical"
"2190","3_technical","3_technical"
"2191","3_technical","3_technical"
"2192","4_logic","4_logic"
"2193","3_technical","3_technical"
"2194","4_logic","3_technical"
"2195","4_logic","4_logic"
"2196","2_writing","2_writing"
"2197","3_technical","3_technical"
"2198","4_logic","2_writing"
"2199","3_technical","3_technical"
"2200","2_writing","2_writing"
"2201","3_technical","3_technical"
"2202","2_writing","2_writing"
"2203","3_technical","3_technical"
"2204","3_technical","3_technical"
"2205","3_technical","3_technical"
"2206","3_technical","3_technical"
"2207","3_technical","2_writing"
"2208","3_technical","3_technical"
"2209","3_technical","3_technical"
"2210","3_technical","3_technical"
"2211","3_technical","3_technical"
"2212","3_technical","3_technical"
"2213","2_writing","3_technical"
"2214","3_technical","3_technical"
"2215","2_writing","2_writing"
"2216","3_technical","2_writing"
"2217","2_writing","2_writing"
"2218","2_writing","2_writing"
"2219","4_logic","4_logic"
"2220","3_technical","3_technical"
"2221","2_writing","3_technical"
"2222","2_writing","2_writing"
"2223","3_technical","3_technical"
"2224","3_technical","3_technical"
"2225","2_writing","2_writing"
"2226","3_technical","3_technical"
"2227","2_writing","2_writing"
"2228","1_basic","1_basic"
"2229","2_writing","2_writing"
"2230","3_technical","4_logic"
"2231","2_writing","2_writing"
"2232","2_writing","2_writing"
"2233","4_logic","4_logic"
"2234","4_logic","2_writing"
"2235","4_logic","4_logic"
"2236","4_logic","4_logic"
"2237","4_logic","4_logic"
"2238","3_technical","2_writing"
"2239","3_technical","4_logic"
"2240","3_technical","3_technical"
"2241","3_technical","3_technical"
"2242","2_writing","2_writing"
"2243","2_writing","2_writing"
"2244","3_technical","3_technical"
"2245","3_technical","4_logic"
"2246","3_technical","3_technical"
"2247","4_logic","4_logic"
"2248","2_writing","2_writing"
"2249","3_technical","3_technical"
"2250","2_writing","3_technical"
"2251","2_writing","2_writing"
"2252","4_logic","4_logic"
"2253","3_technical","3_technical"
"2254","3_technical","3_technical"
"2255","3_technical","3_technical"
"2256","3_technical","3_technical"
"2257","3_technical","2_writing"
"2258","2_writing","2_writing"
"2259","4_logic","4_logic"
"2260","1_basic","1_basic"
"2261","3_technical","3_technical"
"2262","3_technical","3_technical"
"2263","3_technical","3_technical"
"2264","3_technical","3_technical"
"2265","3_technical","3_technical"
"2266","2_writing","3_technical"
"2267","2_writing","2_writing"
"2268","3_technical","3_technical"
"2269","2_writing","2_writing"
"2270","2_writing","2_writing"
"2271","2_writing","2_writing"
"2272","3_technical","3_technical"
"2273","2_writing","2_writing"
"2274","3_technical","3_technical"
"2275","2_writing","2_writing"
"2276","2_writing","2_writing"
"2277","2_writing","2_writing"
"2278","2_writing","2_writing"
"2279","3_technical","3_technical"
"2280","3_technical","3_technical"
"2281","2_writing","3_technical"
"2282","3_technical","3_technical"
"2283","3_technical","3_technical"
"2284","4_logic","4_logic"
"2285","3_technical","3_technical"
"2286","3_technical","2_writing"
"2287","2_writing","2_writing"
"2288","4_logic","4_logic"
"2289","3_technical","3_technical"
"2290","4_logic","3_technical"
"2291","3_technical","3_technical"
"2292","2_writing","4_logic"
"2293","4_logic","4_logic"
"2294","3_technical","3_technical"
"2295","3_technical","3_technical"
"2296","3_technical","3_technical"
"2297","1_basic","1_basic"
"2298","2_writing","4_logic"
"2299","2_writing","2_writing"
"2300","2_writing","2_writing"
"2301","3_technical","3_technical"
"2302","3_technical","4_logic"
"2303","3_technical","3_technical"
"2304","3_technical","3_technical"
"2305","3_technical","3_technical"
"2306","1_basic","1_basic"
"2307","4_logic","4_logic"
"2308","3_technical","3_technical"
"2309","3_technical","3_technical"
"2310","3_technical","3_technical"
"2311","3_technical","3_technical"
"2312","3_technical","3_technical"
"2313","3_technical","3_technical"
"2314","4_logic","4_logic"
"2315","3_technical","3_technical"
"2316","3_technical","3_technical"
"2317","4_logic","3_technical"
"2318","2_writing","3_technical"
"2319","3_technical","2_writing"
"2320","3_technical","3_technical"
"2321","3_technical","3_technical"
"2322","3_technical","3_technical"
"2323","3_technical","3_technical"
"2324","3_technical","3_technical"
"2325","3_technical","3_technical"
"2326","3_technical","1_basic"
"2327","3_technical","3_technical"
"2328","2_writing","2_writing"
"2329","2_writing","2_writing"
"2330","2_writing","2_writing"
"2331","2_writing","2_writing"
"2332","2_writing","2_writing"
"2333","3_technical","3_technical"
"2334","2_writing","2_writing"
"2335","3_technical","3_technical"
