"","comments_test_pred_structure","comments_test_labels_structure"
"1","2_copyedit","4_specific"
"2","4_specific","4_specific"
"3","2_copyedit","2_copyedit"
"4","4_specific","4_specific"
"5","3_general","3_general"
"6","2_copyedit","4_specific"
"7","2_copyedit","2_copyedit"
"8","4_specific","2_copyedit"
"9","3_general","2_copyedit"
"10","4_specific","4_specific"
"11","2_copyedit","2_copyedit"
"12","2_copyedit","3_general"
"13","4_specific","4_specific"
"14","6_holistic","6_holistic"
"15","2_copyedit","4_specific"
"16","2_copyedit","3_general"
"17","2_copyedit","2_copyedit"
"18","2_copyedit","2_copyedit"
"19","2_copyedit","3_general"
"20","4_specific","4_specific"
"21","4_specific","4_specific"
"22","3_general","3_general"
"23","2_copyedit","2_copyedit"
"24","3_general","4_specific"
"25","4_specific","4_specific"
"26","2_copyedit","2_copyedit"
"27","8_nobasis","4_specific"
"28","3_general","3_general"
"29","4_specific","4_specific"
"30","4_specific","4_specific"
"31","2_copyedit","2_copyedit"
"32","2_copyedit","2_copyedit"
"33","2_copyedit","2_copyedit"
"34","2_copyedit","4_specific"
"35","2_copyedit","2_copyedit"
"36","2_copyedit","2_copyedit"
"37","4_specific","4_specific"
"38","4_specific","4_specific"
"39","1_pointer","2_copyedit"
"40","1_pointer","1_pointer"
"41","2_copyedit","4_specific"
"42","1_pointer","3_general"
"43","2_copyedit","4_specific"
"44","4_specific","4_specific"
"45","3_general","6_holistic"
"46","6_holistic","4_specific"
"47","3_general","3_general"
"48","3_general","4_specific"
"49","4_specific","4_specific"
"50","3_general","3_general"
"51","3_general","4_specific"
"52","2_copyedit","2_copyedit"
"53","4_specific","3_general"
"54","2_copyedit","3_general"
"55","2_copyedit","3_general"
"56","4_specific","2_copyedit"
"57","3_general","3_general"
"58","4_specific","4_specific"
"59","4_specific","4_specific"
"60","4_specific","2_copyedit"
"61","3_general","3_general"
"62","4_specific","4_specific"
"63","2_copyedit","4_specific"
"64","4_specific","4_specific"
"65","2_copyedit","4_specific"
"66","4_specific","3_general"
"67","2_copyedit","2_copyedit"
"68","4_specific","4_specific"
"69","2_copyedit","2_copyedit"
"70","3_general","4_specific"
"71","3_general","3_general"
"72","4_specific","4_specific"
"73","2_copyedit","2_copyedit"
"74","2_copyedit","2_copyedit"
"75","4_specific","4_specific"
"76","4_specific","4_specific"
"77","2_copyedit","2_copyedit"
"78","4_specific","4_specific"
"79","2_copyedit","3_general"
"80","2_copyedit","2_copyedit"
"81","4_specific","4_specific"
"82","2_copyedit","2_copyedit"
"83","3_general","3_general"
"84","4_specific","2_copyedit"
"85","4_specific","4_specific"
"86","3_general","4_specific"
"87","2_copyedit","2_copyedit"
"88","2_copyedit","2_copyedit"
"89","2_copyedit","4_specific"
"90","4_specific","4_specific"
"91","3_general","4_specific"
"92","1_pointer","2_copyedit"
"93","2_copyedit","4_specific"
"94","3_general","3_general"
"95","1_pointer","3_general"
"96","2_copyedit","4_specific"
"97","4_specific","2_copyedit"
"98","4_specific","3_general"
"99","4_specific","4_specific"
"100","6_holistic","6_holistic"
"101","6_holistic","3_general"
"102","2_copyedit","4_specific"
"103","3_general","3_general"
"104","3_general","3_general"
"105","1_pointer","8_nobasis"
"106","2_copyedit","2_copyedit"
"107","2_copyedit","2_copyedit"
"108","3_general","4_specific"
"109","4_specific","4_specific"
"110","3_general","3_general"
"111","3_general","4_specific"
"112","4_specific","6_holistic"
"113","3_general","3_general"
"114","3_general","3_general"
"115","4_specific","4_specific"
"116","3_general","3_general"
"117","1_pointer","2_copyedit"
"118","3_general","3_general"
"119","2_copyedit","2_copyedit"
"120","2_copyedit","6_holistic"
"121","2_copyedit","4_specific"
"122","4_specific","4_specific"
"123","3_general","3_general"
"124","3_general","4_specific"
"125","8_nobasis","3_general"
"126","2_copyedit","2_copyedit"
"127","3_general","3_general"
"128","2_copyedit","3_general"
"129","2_copyedit","2_copyedit"
"130","4_specific","4_specific"
"131","8_nobasis","2_copyedit"
"132","2_copyedit","2_copyedit"
"133","2_copyedit","4_specific"
"134","2_copyedit","4_specific"
"135","3_general","2_copyedit"
"136","2_copyedit","2_copyedit"
"137","2_copyedit","3_general"
"138","2_copyedit","2_copyedit"
"139","6_holistic","6_holistic"
"140","4_specific","4_specific"
"141","2_copyedit","2_copyedit"
"142","2_copyedit","4_specific"
"143","1_pointer","2_copyedit"
"144","2_copyedit","2_copyedit"
"145","4_specific","4_specific"
"146","3_general","3_general"
"147","2_copyedit","2_copyedit"
"148","2_copyedit","2_copyedit"
"149","2_copyedit","3_general"
"150","2_copyedit","3_general"
"151","4_specific","4_specific"
"152","4_specific","3_general"
"153","3_general","3_general"
"154","2_copyedit","4_specific"
"155","4_specific","4_specific"
"156","4_specific","6_holistic"
"157","3_general","3_general"
"158","4_specific","2_copyedit"
"159","1_pointer","1_pointer"
"160","2_copyedit","4_specific"
"161","4_specific","4_specific"
"162","4_specific","4_specific"
"163","4_specific","6_holistic"
"164","2_copyedit","4_specific"
"165","3_general","4_specific"
"166","4_specific","4_specific"
"167","2_copyedit","2_copyedit"
"168","3_general","3_general"
"169","3_general","3_general"
"170","3_general","3_general"
"171","1_pointer","2_copyedit"
"172","3_general","4_specific"
"173","4_specific","4_specific"
"174","2_copyedit","2_copyedit"
"175","2_copyedit","2_copyedit"
"176","3_general","2_copyedit"
"177","2_copyedit","4_specific"
"178","2_copyedit","3_general"
"179","3_general","4_specific"
"180","3_general","3_general"
"181","2_copyedit","2_copyedit"
"182","3_general","3_general"
"183","2_copyedit","4_specific"
"184","1_pointer","2_copyedit"
"185","2_copyedit","2_copyedit"
"186","4_specific","4_specific"
"187","2_copyedit","4_specific"
"188","2_copyedit","2_copyedit"
"189","4_specific","4_specific"
"190","8_nobasis","6_holistic"
"191","1_pointer","2_copyedit"
"192","2_copyedit","2_copyedit"
"193","8_nobasis","8_nobasis"
"194","3_general","4_specific"
"195","3_general","4_specific"
"196","3_general","3_general"
"197","1_pointer","1_pointer"
"198","2_copyedit","2_copyedit"
"199","4_specific","4_specific"
"200","4_specific","4_specific"
"201","2_copyedit","3_general"
"202","4_specific","4_specific"
"203","3_general","6_holistic"
"204","2_copyedit","2_copyedit"
"205","4_specific","3_general"
"206","3_general","4_specific"
"207","3_general","4_specific"
"208","6_holistic","4_specific"
"209","3_general","3_general"
"210","2_copyedit","4_specific"
"211","6_holistic","4_specific"
"212","4_specific","4_specific"
"213","3_general","4_specific"
"214","2_copyedit","2_copyedit"
"215","2_copyedit","2_copyedit"
"216","2_copyedit","4_specific"
"217","2_copyedit","2_copyedit"
"218","3_general","3_general"
"219","3_general","4_specific"
"220","2_copyedit","2_copyedit"
"221","6_holistic","4_specific"
"222","1_pointer","3_general"
"223","2_copyedit","4_specific"
"224","4_specific","3_general"
"225","3_general","3_general"
"226","4_specific","6_holistic"
"227","3_general","3_general"
"228","2_copyedit","2_copyedit"
"229","2_copyedit","2_copyedit"
"230","3_general","3_general"
"231","2_copyedit","2_copyedit"
"232","2_copyedit","6_holistic"
"233","2_copyedit","4_specific"
"234","4_specific","4_specific"
"235","8_nobasis","4_specific"
"236","4_specific","4_specific"
"237","3_general","4_specific"
"238","2_copyedit","2_copyedit"
"239","2_copyedit","2_copyedit"
"240","3_general","4_specific"
"241","8_nobasis","2_copyedit"
"242","2_copyedit","2_copyedit"
"243","3_general","3_general"
"244","8_nobasis","4_specific"
"245","4_specific","4_specific"
"246","2_copyedit","4_specific"
"247","6_holistic","4_specific"
"248","3_general","4_specific"
"249","4_specific","4_specific"
"250","4_specific","4_specific"
"251","2_copyedit","4_specific"
"252","4_specific","6_holistic"
"253","4_specific","4_specific"
"254","2_copyedit","2_copyedit"
"255","3_general","3_general"
"256","2_copyedit","3_general"
"257","4_specific","4_specific"
"258","4_specific","4_specific"
"259","3_general","3_general"
"260","4_specific","4_specific"
"261","1_pointer","3_general"
"262","2_copyedit","6_holistic"
"263","3_general","4_specific"
"264","3_general","4_specific"
"265","4_specific","4_specific"
"266","3_general","4_specific"
"267","3_general","4_specific"
"268","3_general","4_specific"
"269","2_copyedit","2_copyedit"
"270","3_general","3_general"
"271","4_specific","4_specific"
"272","4_specific","3_general"
"273","2_copyedit","3_general"
"274","2_copyedit","3_general"
"275","4_specific","4_specific"
"276","3_general","3_general"
"277","1_pointer","1_pointer"
"278","1_pointer","4_specific"
"279","3_general","3_general"
"280","4_specific","4_specific"
"281","4_specific","3_general"
"282","3_general","3_general"
"283","1_pointer","2_copyedit"
"284","1_pointer","2_copyedit"
"285","2_copyedit","4_specific"
"286","4_specific","4_specific"
"287","3_general","4_specific"
"288","2_copyedit","2_copyedit"
"289","6_holistic","4_specific"
"290","2_copyedit","6_holistic"
"291","2_copyedit","3_general"
"292","2_copyedit","2_copyedit"
"293","2_copyedit","4_specific"
"294","2_copyedit","2_copyedit"
"295","4_specific","4_specific"
"296","6_holistic","6_holistic"
"297","2_copyedit","4_specific"
"298","3_general","3_general"
"299","2_copyedit","6_holistic"
"300","3_general","3_general"
"301","3_general","2_copyedit"
"302","2_copyedit","2_copyedit"
"303","6_holistic","6_holistic"
"304","3_general","4_specific"
"305","3_general","3_general"
"306","2_copyedit","2_copyedit"
"307","3_general","4_specific"
"308","2_copyedit","3_general"
"309","4_specific","4_specific"
"310","4_specific","2_copyedit"
"311","2_copyedit","4_specific"
"312","4_specific","4_specific"
"313","2_copyedit","4_specific"
"314","2_copyedit","2_copyedit"
"315","2_copyedit","4_specific"
"316","2_copyedit","2_copyedit"
"317","4_specific","4_specific"
"318","4_specific","4_specific"
"319","4_specific","2_copyedit"
"320","4_specific","4_specific"
"321","4_specific","2_copyedit"
"322","3_general","4_specific"
"323","2_copyedit","4_specific"
"324","6_holistic","4_specific"
"325","4_specific","4_specific"
"326","2_copyedit","2_copyedit"
"327","2_copyedit","2_copyedit"
"328","2_copyedit","3_general"
"329","4_specific","3_general"
"330","4_specific","4_specific"
"331","1_pointer","2_copyedit"
"332","3_general","4_specific"
"333","2_copyedit","2_copyedit"
"334","3_general","4_specific"
"335","4_specific","4_specific"
"336","2_copyedit","2_copyedit"
"337","2_copyedit","3_general"
"338","3_general","4_specific"
"339","3_general","2_copyedit"
"340","2_copyedit","2_copyedit"
"341","2_copyedit","3_general"
"342","3_general","4_specific"
"343","2_copyedit","4_specific"
"344","3_general","4_specific"
"345","3_general","2_copyedit"
"346","2_copyedit","4_specific"
"347","3_general","3_general"
"348","4_specific","6_holistic"
"349","3_general","4_specific"
"350","4_specific","4_specific"
"351","8_nobasis","2_copyedit"
"352","4_specific","4_specific"
"353","2_copyedit","2_copyedit"
"354","3_general","3_general"
"355","4_specific","3_general"
"356","3_general","4_specific"
"357","4_specific","4_specific"
"358","3_general","4_specific"
"359","4_specific","4_specific"
"360","2_copyedit","2_copyedit"
"361","6_holistic","6_holistic"
"362","4_specific","4_specific"
"363","6_holistic","4_specific"
"364","2_copyedit","2_copyedit"
"365","6_holistic","4_specific"
"366","2_copyedit","2_copyedit"
"367","6_holistic","4_specific"
"368","4_specific","4_specific"
"369","8_nobasis","4_specific"
"370","4_specific","4_specific"
"371","2_copyedit","2_copyedit"
"372","2_copyedit","4_specific"
"373","3_general","3_general"
"374","2_copyedit","4_specific"
"375","4_specific","3_general"
"376","6_holistic","6_holistic"
"377","4_specific","4_specific"
"378","4_specific","2_copyedit"
"379","4_specific","4_specific"
"380","2_copyedit","3_general"
"381","3_general","4_specific"
"382","3_general","4_specific"
"383","4_specific","4_specific"
"384","3_general","3_general"
"385","4_specific","4_specific"
"386","3_general","3_general"
"387","2_copyedit","4_specific"
"388","4_specific","4_specific"
"389","4_specific","4_specific"
"390","4_specific","4_specific"
"391","6_holistic","4_specific"
"392","2_copyedit","2_copyedit"
"393","4_specific","4_specific"
"394","3_general","3_general"
"395","2_copyedit","4_specific"
"396","2_copyedit","2_copyedit"
"397","2_copyedit","2_copyedit"
"398","2_copyedit","4_specific"
"399","2_copyedit","1_pointer"
"400","4_specific","4_specific"
"401","6_holistic","4_specific"
"402","2_copyedit","4_specific"
"403","6_holistic","4_specific"
"404","2_copyedit","2_copyedit"
"405","2_copyedit","4_specific"
"406","2_copyedit","3_general"
"407","3_general","3_general"
"408","3_general","3_general"
"409","3_general","3_general"
"410","3_general","3_general"
"411","4_specific","4_specific"
"412","4_specific","2_copyedit"
"413","2_copyedit","2_copyedit"
"414","2_copyedit","2_copyedit"
"415","2_copyedit","4_specific"
"416","3_general","4_specific"
"417","2_copyedit","2_copyedit"
"418","2_copyedit","2_copyedit"
"419","2_copyedit","2_copyedit"
"420","2_copyedit","2_copyedit"
"421","4_specific","4_specific"
"422","2_copyedit","2_copyedit"
"423","4_specific","4_specific"
"424","3_general","3_general"
"425","6_holistic","4_specific"
"426","2_copyedit","2_copyedit"
"427","2_copyedit","2_copyedit"
"428","4_specific","4_specific"
"429","4_specific","4_specific"
"430","2_copyedit","3_general"
"431","2_copyedit","4_specific"
"432","4_specific","4_specific"
"433","3_general","3_general"
"434","4_specific","4_specific"
"435","3_general","4_specific"
"436","4_specific","3_general"
"437","3_general","4_specific"
"438","4_specific","4_specific"
"439","2_copyedit","3_general"
"440","4_specific","2_copyedit"
"441","4_specific","4_specific"
"442","4_specific","4_specific"
"443","2_copyedit","4_specific"
"444","3_general","4_specific"
"445","4_specific","4_specific"
"446","3_general","4_specific"
"447","3_general","3_general"
"448","4_specific","4_specific"
"449","2_copyedit","2_copyedit"
"450","3_general","3_general"
"451","2_copyedit","2_copyedit"
"452","2_copyedit","4_specific"
"453","3_general","4_specific"
"454","2_copyedit","2_copyedit"
"455","3_general","3_general"
"456","2_copyedit","2_copyedit"
"457","2_copyedit","2_copyedit"
"458","3_general","3_general"
"459","4_specific","4_specific"
"460","3_general","3_general"
"461","3_general","3_general"
"462","4_specific","4_specific"
"463","2_copyedit","4_specific"
"464","1_pointer","4_specific"
"465","2_copyedit","2_copyedit"
"466","2_copyedit","4_specific"
"467","6_holistic","4_specific"
"468","4_specific","4_specific"
"469","8_nobasis","2_copyedit"
"470","4_specific","4_specific"
"471","2_copyedit","2_copyedit"
"472","2_copyedit","2_copyedit"
"473","2_copyedit","4_specific"
"474","4_specific","6_holistic"
"475","1_pointer","2_copyedit"
"476","3_general","4_specific"
"477","4_specific","2_copyedit"
"478","4_specific","4_specific"
"479","6_holistic","6_holistic"
"480","3_general","6_holistic"
"481","3_general","3_general"
"482","4_specific","2_copyedit"
"483","1_pointer","1_pointer"
"484","4_specific","2_copyedit"
"485","2_copyedit","6_holistic"
"486","3_general","3_general"
"487","3_general","3_general"
"488","3_general","3_general"
"489","4_specific","4_specific"
"490","2_copyedit","2_copyedit"
"491","4_specific","4_specific"
"492","4_specific","4_specific"
"493","1_pointer","4_specific"
"494","2_copyedit","2_copyedit"
"495","2_copyedit","2_copyedit"
"496","4_specific","4_specific"
"497","3_general","3_general"
"498","4_specific","4_specific"
"499","1_pointer","2_copyedit"
"500","3_general","3_general"
"501","4_specific","4_specific"
"502","3_general","8_nobasis"
"503","2_copyedit","2_copyedit"
"504","2_copyedit","4_specific"
"505","3_general","3_general"
"506","2_copyedit","4_specific"
"507","2_copyedit","2_copyedit"
"508","4_specific","4_specific"
"509","1_pointer","2_copyedit"
"510","4_specific","4_specific"
"511","3_general","4_specific"
"512","4_specific","2_copyedit"
"513","4_specific","4_specific"
"514","2_copyedit","2_copyedit"
"515","3_general","3_general"
"516","2_copyedit","3_general"
"517","4_specific","4_specific"
"518","4_specific","4_specific"
"519","4_specific","4_specific"
"520","2_copyedit","2_copyedit"
"521","8_nobasis","8_nobasis"
"522","4_specific","4_specific"
"523","3_general","2_copyedit"
"524","4_specific","4_specific"
"525","3_general","4_specific"
"526","4_specific","4_specific"
"527","3_general","4_specific"
"528","3_general","4_specific"
"529","2_copyedit","3_general"
"530","2_copyedit","2_copyedit"
"531","6_holistic","4_specific"
"532","3_general","2_copyedit"
"533","4_specific","4_specific"
"534","4_specific","3_general"
"535","1_pointer","1_pointer"
"536","2_copyedit","2_copyedit"
"537","8_nobasis","2_copyedit"
"538","2_copyedit","2_copyedit"
"539","3_general","3_general"
"540","2_copyedit","2_copyedit"
"541","2_copyedit","8_nobasis"
"542","6_holistic","4_specific"
"543","1_pointer","2_copyedit"
"544","2_copyedit","2_copyedit"
"545","2_copyedit","4_specific"
"546","3_general","3_general"
"547","4_specific","4_specific"
"548","6_holistic","2_copyedit"
"549","4_specific","3_general"
"550","4_specific","4_specific"
"551","2_copyedit","2_copyedit"
"552","2_copyedit","2_copyedit"
"553","2_copyedit","2_copyedit"
"554","2_copyedit","2_copyedit"
"555","8_nobasis","4_specific"
"556","4_specific","4_specific"
"557","2_copyedit","4_specific"
"558","3_general","3_general"
"559","3_general","3_general"
"560","2_copyedit","4_specific"
"561","4_specific","4_specific"
"562","3_general","3_general"
"563","2_copyedit","2_copyedit"
"564","2_copyedit","6_holistic"
"565","6_holistic","2_copyedit"
"566","4_specific","4_specific"
"567","8_nobasis","8_nobasis"
"568","2_copyedit","2_copyedit"
"569","2_copyedit","3_general"
"570","1_pointer","2_copyedit"
"571","4_specific","4_specific"
"572","3_general","3_general"
"573","4_specific","4_specific"
"574","2_copyedit","2_copyedit"
"575","4_specific","2_copyedit"
"576","3_general","4_specific"
"577","4_specific","4_specific"
"578","2_copyedit","2_copyedit"
"579","4_specific","2_copyedit"
"580","2_copyedit","4_specific"
"581","2_copyedit","2_copyedit"
"582","4_specific","4_specific"
"583","4_specific","4_specific"
"584","3_general","3_general"
"585","4_specific","2_copyedit"
"586","4_specific","4_specific"
"587","4_specific","4_specific"
"588","2_copyedit","2_copyedit"
"589","2_copyedit","2_copyedit"
"590","2_copyedit","2_copyedit"
"591","2_copyedit","2_copyedit"
"592","4_specific","4_specific"
"593","2_copyedit","3_general"
"594","2_copyedit","4_specific"
"595","4_specific","4_specific"
"596","4_specific","4_specific"
"597","1_pointer","1_pointer"
"598","4_specific","4_specific"
"599","4_specific","4_specific"
"600","2_copyedit","4_specific"
"601","3_general","4_specific"
"602","2_copyedit","2_copyedit"
"603","4_specific","4_specific"
"604","6_holistic","3_general"
"605","2_copyedit","4_specific"
"606","3_general","3_general"
"607","4_specific","4_specific"
"608","4_specific","4_specific"
"609","1_pointer","3_general"
"610","4_specific","4_specific"
"611","3_general","3_general"
"612","2_copyedit","2_copyedit"
"613","3_general","3_general"
"614","2_copyedit","3_general"
"615","4_specific","3_general"
"616","3_general","3_general"
"617","6_holistic","4_specific"
"618","4_specific","4_specific"
"619","4_specific","2_copyedit"
"620","2_copyedit","2_copyedit"
"621","1_pointer","2_copyedit"
"622","1_pointer","2_copyedit"
"623","4_specific","4_specific"
"624","3_general","3_general"
"625","4_specific","4_specific"
"626","1_pointer","2_copyedit"
"627","2_copyedit","4_specific"
"628","3_general","4_specific"
"629","4_specific","2_copyedit"
"630","3_general","3_general"
"631","4_specific","4_specific"
"632","3_general","4_specific"
"633","3_general","3_general"
"634","2_copyedit","4_specific"
"635","3_general","3_general"
"636","2_copyedit","8_nobasis"
"637","3_general","3_general"
"638","2_copyedit","2_copyedit"
"639","4_specific","4_specific"
"640","2_copyedit","2_copyedit"
"641","3_general","4_specific"
"642","6_holistic","4_specific"
"643","3_general","3_general"
"644","2_copyedit","2_copyedit"
"645","2_copyedit","2_copyedit"
"646","2_copyedit","2_copyedit"
"647","2_copyedit","2_copyedit"
"648","2_copyedit","4_specific"
"649","3_general","4_specific"
"650","2_copyedit","2_copyedit"
"651","2_copyedit","2_copyedit"
"652","6_holistic","3_general"
"653","3_general","3_general"
"654","3_general","4_specific"
"655","2_copyedit","8_nobasis"
"656","4_specific","4_specific"
"657","2_copyedit","3_general"
"658","4_specific","2_copyedit"
"659","1_pointer","1_pointer"
"660","2_copyedit","2_copyedit"
"661","2_copyedit","2_copyedit"
"662","1_pointer","4_specific"
"663","3_general","3_general"
"664","1_pointer","2_copyedit"
"665","2_copyedit","3_general"
"666","3_general","4_specific"
"667","4_specific","2_copyedit"
"668","6_holistic","3_general"
"669","2_copyedit","2_copyedit"
"670","3_general","3_general"
"671","2_copyedit","3_general"
"672","2_copyedit","6_holistic"
"673","2_copyedit","2_copyedit"
"674","4_specific","4_specific"
"675","1_pointer","4_specific"
"676","3_general","3_general"
"677","2_copyedit","4_specific"
"678","2_copyedit","3_general"
"679","4_specific","4_specific"
"680","6_holistic","3_general"
"681","2_copyedit","4_specific"
"682","3_general","3_general"
"683","2_copyedit","4_specific"
"684","4_specific","4_specific"
"685","3_general","4_specific"
"686","3_general","4_specific"
"687","4_specific","2_copyedit"
"688","2_copyedit","3_general"
"689","3_general","2_copyedit"
"690","6_holistic","3_general"
"691","6_holistic","6_holistic"
"692","3_general","3_general"
"693","3_general","3_general"
"694","2_copyedit","2_copyedit"
"695","3_general","4_specific"
"696","3_general","3_general"
"697","4_specific","4_specific"
"698","4_specific","2_copyedit"
"699","4_specific","4_specific"
"700","3_general","3_general"
"701","4_specific","4_specific"
"702","1_pointer","3_general"
"703","4_specific","4_specific"
"704","2_copyedit","2_copyedit"
"705","2_copyedit","4_specific"
"706","4_specific","4_specific"
"707","4_specific","4_specific"
"708","4_specific","6_holistic"
"709","2_copyedit","2_copyedit"
"710","2_copyedit","2_copyedit"
"711","2_copyedit","2_copyedit"
"712","2_copyedit","2_copyedit"
"713","8_nobasis","3_general"
"714","4_specific","4_specific"
"715","4_specific","4_specific"
"716","3_general","3_general"
"717","3_general","8_nobasis"
"718","3_general","3_general"
"719","3_general","3_general"
"720","2_copyedit","2_copyedit"
"721","6_holistic","6_holistic"
"722","4_specific","2_copyedit"
"723","2_copyedit","2_copyedit"
"724","4_specific","4_specific"
"725","1_pointer","3_general"
"726","2_copyedit","3_general"
"727","6_holistic","4_specific"
"728","4_specific","3_general"
"729","2_copyedit","4_specific"
"730","2_copyedit","2_copyedit"
"731","2_copyedit","2_copyedit"
"732","1_pointer","2_copyedit"
"733","4_specific","4_specific"
"734","3_general","4_specific"
"735","2_copyedit","2_copyedit"
"736","2_copyedit","2_copyedit"
"737","2_copyedit","4_specific"
"738","2_copyedit","2_copyedit"
"739","8_nobasis","6_holistic"
"740","4_specific","4_specific"
"741","2_copyedit","2_copyedit"
"742","3_general","3_general"
"743","4_specific","4_specific"
"744","2_copyedit","2_copyedit"
"745","4_specific","4_specific"
"746","6_holistic","4_specific"
"747","2_copyedit","2_copyedit"
"748","2_copyedit","2_copyedit"
"749","2_copyedit","3_general"
"750","1_pointer","1_pointer"
"751","4_specific","4_specific"
"752","3_general","3_general"
"753","2_copyedit","4_specific"
"754","2_copyedit","2_copyedit"
"755","2_copyedit","4_specific"
"756","2_copyedit","4_specific"
"757","3_general","4_specific"
"758","2_copyedit","2_copyedit"
"759","2_copyedit","2_copyedit"
"760","4_specific","4_specific"
"761","4_specific","4_specific"
"762","4_specific","4_specific"
"763","3_general","3_general"
"764","2_copyedit","2_copyedit"
"765","2_copyedit","2_copyedit"
"766","6_holistic","4_specific"
"767","3_general","2_copyedit"
"768","2_copyedit","2_copyedit"
"769","1_pointer","2_copyedit"
"770","2_copyedit","2_copyedit"
"771","6_holistic","6_holistic"
"772","3_general","3_general"
"773","4_specific","4_specific"
"774","2_copyedit","2_copyedit"
"775","2_copyedit","2_copyedit"
"776","2_copyedit","2_copyedit"
"777","4_specific","4_specific"
"778","4_specific","4_specific"
"779","4_specific","2_copyedit"
"780","3_general","2_copyedit"
"781","4_specific","2_copyedit"
"782","8_nobasis","4_specific"
"783","2_copyedit","2_copyedit"
"784","8_nobasis","8_nobasis"
"785","2_copyedit","2_copyedit"
"786","2_copyedit","4_specific"
"787","3_general","6_holistic"
"788","3_general","3_general"
"789","4_specific","2_copyedit"
"790","4_specific","2_copyedit"
"791","4_specific","4_specific"
"792","2_copyedit","2_copyedit"
"793","4_specific","4_specific"
"794","3_general","4_specific"
"795","2_copyedit","6_holistic"
"796","3_general","4_specific"
"797","2_copyedit","2_copyedit"
"798","3_general","4_specific"
"799","2_copyedit","4_specific"
"800","3_general","3_general"
"801","4_specific","6_holistic"
"802","3_general","3_general"
"803","4_specific","2_copyedit"
"804","3_general","3_general"
"805","4_specific","4_specific"
"806","4_specific","4_specific"
"807","3_general","3_general"
"808","3_general","2_copyedit"
"809","2_copyedit","4_specific"
"810","4_specific","4_specific"
"811","3_general","2_copyedit"
"812","4_specific","4_specific"
"813","2_copyedit","3_general"
"814","4_specific","3_general"
"815","3_general","3_general"
"816","4_specific","4_specific"
"817","3_general","3_general"
"818","1_pointer","8_nobasis"
"819","3_general","3_general"
"820","2_copyedit","4_specific"
"821","4_specific","2_copyedit"
"822","2_copyedit","3_general"
"823","4_specific","4_specific"
"824","3_general","3_general"
"825","2_copyedit","2_copyedit"
"826","2_copyedit","4_specific"
"827","3_general","4_specific"
"828","1_pointer","2_copyedit"
"829","4_specific","2_copyedit"
"830","2_copyedit","2_copyedit"
"831","4_specific","6_holistic"
"832","4_specific","4_specific"
"833","6_holistic","6_holistic"
"834","4_specific","4_specific"
"835","4_specific","4_specific"
"836","2_copyedit","2_copyedit"
"837","3_general","3_general"
"838","3_general","3_general"
"839","3_general","4_specific"
"840","2_copyedit","2_copyedit"
"841","2_copyedit","2_copyedit"
"842","4_specific","4_specific"
"843","2_copyedit","4_specific"
"844","3_general","4_specific"
"845","4_specific","3_general"
"846","2_copyedit","3_general"
"847","2_copyedit","4_specific"
"848","4_specific","4_specific"
"849","3_general","6_holistic"
"850","2_copyedit","2_copyedit"
"851","2_copyedit","2_copyedit"
"852","1_pointer","2_copyedit"
"853","2_copyedit","2_copyedit"
"854","3_general","3_general"
"855","2_copyedit","2_copyedit"
"856","2_copyedit","2_copyedit"
"857","2_copyedit","2_copyedit"
"858","2_copyedit","2_copyedit"
"859","2_copyedit","6_holistic"
"860","3_general","2_copyedit"
"861","2_copyedit","3_general"
"862","6_holistic","4_specific"
"863","1_pointer","4_specific"
"864","4_specific","4_specific"
"865","2_copyedit","4_specific"
"866","4_specific","4_specific"
"867","2_copyedit","4_specific"
"868","2_copyedit","2_copyedit"
"869","4_specific","2_copyedit"
"870","3_general","3_general"
"871","2_copyedit","2_copyedit"
"872","4_specific","4_specific"
"873","6_holistic","3_general"
"874","1_pointer","4_specific"
"875","2_copyedit","4_specific"
"876","4_specific","4_specific"
"877","2_copyedit","4_specific"
"878","3_general","2_copyedit"
"879","3_general","4_specific"
"880","4_specific","4_specific"
"881","2_copyedit","4_specific"
"882","4_specific","2_copyedit"
"883","3_general","3_general"
"884","2_copyedit","2_copyedit"
"885","3_general","4_specific"
"886","2_copyedit","4_specific"
"887","4_specific","4_specific"
"888","4_specific","4_specific"
"889","2_copyedit","8_nobasis"
"890","4_specific","3_general"
"891","2_copyedit","2_copyedit"
"892","4_specific","2_copyedit"
"893","4_specific","4_specific"
"894","2_copyedit","3_general"
"895","3_general","4_specific"
"896","2_copyedit","2_copyedit"
"897","2_copyedit","4_specific"
"898","1_pointer","2_copyedit"
"899","3_general","4_specific"
"900","3_general","2_copyedit"
"901","4_specific","4_specific"
"902","2_copyedit","4_specific"
"903","3_general","3_general"
"904","4_specific","6_holistic"
"905","4_specific","4_specific"
"906","4_specific","4_specific"
"907","1_pointer","4_specific"
"908","4_specific","4_specific"
"909","4_specific","4_specific"
"910","4_specific","4_specific"
"911","4_specific","4_specific"
"912","4_specific","4_specific"
"913","4_specific","4_specific"
"914","2_copyedit","2_copyedit"
"915","2_copyedit","4_specific"
"916","2_copyedit","2_copyedit"
"917","4_specific","2_copyedit"
"918","2_copyedit","4_specific"
"919","2_copyedit","2_copyedit"
"920","4_specific","4_specific"
"921","4_specific","4_specific"
"922","2_copyedit","2_copyedit"
"923","3_general","3_general"
"924","4_specific","6_holistic"
"925","2_copyedit","2_copyedit"
"926","4_specific","4_specific"
"927","3_general","3_general"
"928","3_general","3_general"
"929","3_general","2_copyedit"
"930","4_specific","2_copyedit"
"931","2_copyedit","2_copyedit"
"932","4_specific","3_general"
"933","4_specific","4_specific"
"934","4_specific","4_specific"
"935","3_general","4_specific"
"936","2_copyedit","2_copyedit"
"937","1_pointer","4_specific"
"938","4_specific","4_specific"
"939","2_copyedit","2_copyedit"
"940","2_copyedit","2_copyedit"
"941","2_copyedit","2_copyedit"
"942","4_specific","3_general"
"943","3_general","4_specific"
"944","3_general","3_general"
"945","4_specific","2_copyedit"
"946","2_copyedit","3_general"
"947","4_specific","3_general"
"948","6_holistic","4_specific"
"949","4_specific","2_copyedit"
"950","2_copyedit","4_specific"
"951","2_copyedit","4_specific"
"952","4_specific","4_specific"
"953","2_copyedit","2_copyedit"
"954","1_pointer","8_nobasis"
"955","6_holistic","6_holistic"
"956","2_copyedit","3_general"
"957","3_general","3_general"
"958","2_copyedit","4_specific"
"959","2_copyedit","4_specific"
"960","2_copyedit","4_specific"
"961","1_pointer","2_copyedit"
"962","3_general","4_specific"
"963","2_copyedit","2_copyedit"
"964","4_specific","2_copyedit"
"965","4_specific","4_specific"
"966","2_copyedit","4_specific"
"967","6_holistic","6_holistic"
"968","6_holistic","6_holistic"
"969","4_specific","4_specific"
"970","6_holistic","4_specific"
"971","4_specific","4_specific"
"972","4_specific","4_specific"
"973","1_pointer","2_copyedit"
"974","2_copyedit","2_copyedit"
"975","4_specific","4_specific"
"976","3_general","3_general"
"977","2_copyedit","4_specific"
"978","2_copyedit","3_general"
"979","3_general","3_general"
"980","3_general","4_specific"
"981","2_copyedit","2_copyedit"
"982","2_copyedit","2_copyedit"
"983","2_copyedit","2_copyedit"
"984","4_specific","4_specific"
"985","3_general","2_copyedit"
"986","3_general","3_general"
"987","3_general","3_general"
"988","4_specific","4_specific"
"989","4_specific","2_copyedit"
"990","4_specific","4_specific"
"991","3_general","3_general"
"992","6_holistic","4_specific"
"993","4_specific","4_specific"
"994","4_specific","4_specific"
"995","2_copyedit","2_copyedit"
"996","4_specific","4_specific"
"997","2_copyedit","2_copyedit"
"998","2_copyedit","2_copyedit"
"999","2_copyedit","3_general"
"1000","2_copyedit","4_specific"
"1001","2_copyedit","2_copyedit"
"1002","2_copyedit","2_copyedit"
"1003","3_general","3_general"
"1004","2_copyedit","4_specific"
"1005","4_specific","4_specific"
"1006","4_specific","3_general"
"1007","3_general","3_general"
"1008","2_copyedit","2_copyedit"
"1009","2_copyedit","2_copyedit"
"1010","2_copyedit","2_copyedit"
"1011","3_general","4_specific"
"1012","4_specific","4_specific"
"1013","4_specific","4_specific"
"1014","3_general","6_holistic"
"1015","2_copyedit","4_specific"
"1016","2_copyedit","2_copyedit"
"1017","4_specific","4_specific"
"1018","4_specific","4_specific"
"1019","1_pointer","2_copyedit"
"1020","4_specific","4_specific"
"1021","4_specific","4_specific"
"1022","3_general","3_general"
"1023","6_holistic","3_general"
"1024","4_specific","2_copyedit"
"1025","2_copyedit","2_copyedit"
"1026","4_specific","4_specific"
"1027","1_pointer","2_copyedit"
"1028","2_copyedit","2_copyedit"
"1029","2_copyedit","4_specific"
"1030","4_specific","4_specific"
"1031","3_general","3_general"
"1032","2_copyedit","4_specific"
"1033","4_specific","4_specific"
"1034","2_copyedit","2_copyedit"
"1035","3_general","3_general"
"1036","3_general","4_specific"
"1037","1_pointer","2_copyedit"
"1038","2_copyedit","4_specific"
"1039","4_specific","4_specific"
"1040","3_general","4_specific"
"1041","2_copyedit","4_specific"
"1042","2_copyedit","2_copyedit"
"1043","3_general","2_copyedit"
"1044","3_general","2_copyedit"
"1045","6_holistic","2_copyedit"
"1046","3_general","2_copyedit"
"1047","2_copyedit","2_copyedit"
"1048","2_copyedit","4_specific"
"1049","2_copyedit","4_specific"
"1050","4_specific","4_specific"
"1051","1_pointer","4_specific"
"1052","4_specific","4_specific"
"1053","3_general","3_general"
"1054","4_specific","4_specific"
"1055","2_copyedit","2_copyedit"
"1056","2_copyedit","2_copyedit"
"1057","3_general","2_copyedit"
"1058","4_specific","4_specific"
"1059","3_general","3_general"
"1060","3_general","3_general"
"1061","2_copyedit","3_general"
"1062","1_pointer","4_specific"
"1063","4_specific","4_specific"
"1064","2_copyedit","3_general"
"1065","2_copyedit","2_copyedit"
"1066","3_general","3_general"
"1067","3_general","4_specific"
"1068","4_specific","4_specific"
"1069","4_specific","4_specific"
"1070","3_general","3_general"
"1071","1_pointer","2_copyedit"
"1072","4_specific","4_specific"
"1073","2_copyedit","2_copyedit"
"1074","2_copyedit","2_copyedit"
"1075","4_specific","2_copyedit"
"1076","4_specific","4_specific"
"1077","4_specific","4_specific"
"1078","2_copyedit","4_specific"
"1079","4_specific","4_specific"
"1080","4_specific","4_specific"
"1081","2_copyedit","3_general"
"1082","2_copyedit","2_copyedit"
"1083","3_general","2_copyedit"
"1084","4_specific","4_specific"
"1085","2_copyedit","2_copyedit"
"1086","2_copyedit","4_specific"
"1087","2_copyedit","2_copyedit"
"1088","2_copyedit","2_copyedit"
"1089","4_specific","3_general"
"1090","2_copyedit","4_specific"
"1091","4_specific","4_specific"
"1092","4_specific","4_specific"
"1093","3_general","3_general"
"1094","3_general","4_specific"
"1095","3_general","3_general"
"1096","2_copyedit","2_copyedit"
"1097","1_pointer","2_copyedit"
"1098","1_pointer","2_copyedit"
"1099","4_specific","4_specific"
"1100","3_general","3_general"
"1101","2_copyedit","2_copyedit"
"1102","6_holistic","4_specific"
"1103","3_general","3_general"
"1104","3_general","3_general"
"1105","3_general","2_copyedit"
"1106","2_copyedit","2_copyedit"
"1107","3_general","3_general"
"1108","2_copyedit","2_copyedit"
"1109","3_general","4_specific"
"1110","2_copyedit","2_copyedit"
"1111","2_copyedit","3_general"
"1112","2_copyedit","8_nobasis"
"1113","1_pointer","2_copyedit"
"1114","4_specific","2_copyedit"
"1115","4_specific","4_specific"
"1116","4_specific","4_specific"
"1117","3_general","3_general"
"1118","2_copyedit","4_specific"
"1119","4_specific","4_specific"
"1120","4_specific","2_copyedit"
"1121","3_general","4_specific"
"1122","4_specific","4_specific"
"1123","2_copyedit","2_copyedit"
"1124","4_specific","4_specific"
"1125","6_holistic","6_holistic"
"1126","3_general","4_specific"
"1127","3_general","3_general"
"1128","2_copyedit","2_copyedit"
"1129","1_pointer","2_copyedit"
"1130","2_copyedit","3_general"
"1131","3_general","2_copyedit"
"1132","7_idiomatic","2_copyedit"
"1133","4_specific","4_specific"
"1134","1_pointer","1_pointer"
"1135","2_copyedit","3_general"
"1136","4_specific","4_specific"
"1137","4_specific","4_specific"
"1138","4_specific","2_copyedit"
"1139","3_general","4_specific"
"1140","2_copyedit","6_holistic"
"1141","2_copyedit","2_copyedit"
"1142","2_copyedit","4_specific"
"1143","2_copyedit","2_copyedit"
"1144","2_copyedit","2_copyedit"
"1145","4_specific","4_specific"
"1146","4_specific","2_copyedit"
"1147","8_nobasis","8_nobasis"
"1148","4_specific","2_copyedit"
"1149","2_copyedit","2_copyedit"
"1150","3_general","3_general"
"1151","4_specific","6_holistic"
"1152","2_copyedit","2_copyedit"
"1153","2_copyedit","4_specific"
"1154","4_specific","4_specific"
"1155","2_copyedit","2_copyedit"
"1156","3_general","3_general"
"1157","3_general","3_general"
"1158","2_copyedit","2_copyedit"
"1159","6_holistic","4_specific"
"1160","6_holistic","6_holistic"
"1161","2_copyedit","2_copyedit"
"1162","4_specific","2_copyedit"
"1163","2_copyedit","2_copyedit"
"1164","3_general","3_general"
"1165","3_general","4_specific"
"1166","4_specific","4_specific"
"1167","3_general","3_general"
"1168","4_specific","4_specific"
"1169","3_general","4_specific"
"1170","4_specific","4_specific"
"1171","4_specific","4_specific"
"1172","2_copyedit","2_copyedit"
"1173","4_specific","2_copyedit"
"1174","2_copyedit","4_specific"
"1175","1_pointer","2_copyedit"
"1176","1_pointer","2_copyedit"
"1177","3_general","4_specific"
"1178","4_specific","4_specific"
"1179","4_specific","4_specific"
"1180","4_specific","4_specific"
"1181","2_copyedit","4_specific"
"1182","4_specific","4_specific"
"1183","4_specific","4_specific"
"1184","3_general","3_general"
"1185","4_specific","4_specific"
"1186","2_copyedit","2_copyedit"
"1187","3_general","3_general"
"1188","4_specific","2_copyedit"
"1189","1_pointer","8_nobasis"
"1190","4_specific","2_copyedit"
"1191","1_pointer","6_holistic"
"1192","3_general","3_general"
"1193","2_copyedit","4_specific"
"1194","4_specific","3_general"
"1195","2_copyedit","2_copyedit"
"1196","2_copyedit","3_general"
"1197","6_holistic","6_holistic"
"1198","3_general","4_specific"
"1199","2_copyedit","1_pointer"
"1200","3_general","3_general"
"1201","4_specific","4_specific"
"1202","4_specific","3_general"
"1203","4_specific","6_holistic"
"1204","2_copyedit","2_copyedit"
"1205","8_nobasis","8_nobasis"
"1206","6_holistic","3_general"
"1207","3_general","4_specific"
"1208","3_general","4_specific"
"1209","4_specific","4_specific"
"1210","3_general","2_copyedit"
"1211","4_specific","4_specific"
"1212","3_general","3_general"
"1213","2_copyedit","2_copyedit"
"1214","2_copyedit","4_specific"
"1215","3_general","2_copyedit"
"1216","4_specific","4_specific"
"1217","2_copyedit","2_copyedit"
"1218","3_general","3_general"
"1219","2_copyedit","2_copyedit"
"1220","2_copyedit","2_copyedit"
"1221","2_copyedit","3_general"
"1222","3_general","3_general"
"1223","2_copyedit","2_copyedit"
"1224","1_pointer","8_nobasis"
"1225","3_general","3_general"
"1226","8_nobasis","4_specific"
"1227","4_specific","4_specific"
"1228","4_specific","4_specific"
"1229","4_specific","2_copyedit"
"1230","4_specific","4_specific"
"1231","2_copyedit","2_copyedit"
"1232","2_copyedit","2_copyedit"
"1233","3_general","4_specific"
"1234","2_copyedit","2_copyedit"
"1235","1_pointer","2_copyedit"
"1236","3_general","3_general"
"1237","4_specific","4_specific"
"1238","2_copyedit","4_specific"
"1239","2_copyedit","4_specific"
"1240","3_general","3_general"
"1241","2_copyedit","4_specific"
"1242","4_specific","4_specific"
"1243","6_holistic","3_general"
"1244","2_copyedit","4_specific"
"1245","2_copyedit","2_copyedit"
"1246","6_holistic","4_specific"
"1247","2_copyedit","2_copyedit"
"1248","4_specific","4_specific"
"1249","2_copyedit","2_copyedit"
"1250","4_specific","4_specific"
"1251","1_pointer","2_copyedit"
"1252","2_copyedit","4_specific"
"1253","4_specific","4_specific"
"1254","3_general","3_general"
"1255","2_copyedit","4_specific"
"1256","4_specific","3_general"
"1257","2_copyedit","4_specific"
"1258","2_copyedit","4_specific"
"1259","6_holistic","4_specific"
"1260","4_specific","2_copyedit"
"1261","4_specific","4_specific"
"1262","3_general","3_general"
"1263","2_copyedit","2_copyedit"
"1264","2_copyedit","4_specific"
"1265","4_specific","4_specific"
"1266","2_copyedit","2_copyedit"
"1267","4_specific","4_specific"
"1268","2_copyedit","2_copyedit"
"1269","4_specific","4_specific"
"1270","2_copyedit","2_copyedit"
"1271","6_holistic","4_specific"
"1272","4_specific","4_specific"
"1273","2_copyedit","3_general"
"1274","2_copyedit","4_specific"
"1275","2_copyedit","4_specific"
"1276","2_copyedit","2_copyedit"
"1277","2_copyedit","2_copyedit"
"1278","4_specific","4_specific"
"1279","2_copyedit","4_specific"
"1280","3_general","3_general"
"1281","1_pointer","1_pointer"
"1282","4_specific","4_specific"
"1283","3_general","2_copyedit"
"1284","4_specific","4_specific"
"1285","2_copyedit","2_copyedit"
"1286","2_copyedit","4_specific"
"1287","2_copyedit","2_copyedit"
"1288","1_pointer","1_pointer"
"1289","3_general","3_general"
"1290","3_general","3_general"
"1291","4_specific","4_specific"
"1292","3_general","3_general"
"1293","2_copyedit","3_general"
"1294","1_pointer","2_copyedit"
"1295","3_general","4_specific"
"1296","2_copyedit","6_holistic"
"1297","2_copyedit","2_copyedit"
"1298","2_copyedit","2_copyedit"
"1299","4_specific","4_specific"
"1300","2_copyedit","2_copyedit"
"1301","2_copyedit","2_copyedit"
"1302","4_specific","4_specific"
"1303","4_specific","3_general"
"1304","4_specific","4_specific"
"1305","1_pointer","2_copyedit"
"1306","3_general","3_general"
"1307","2_copyedit","4_specific"
"1308","4_specific","4_specific"
"1309","2_copyedit","3_general"
"1310","2_copyedit","2_copyedit"
"1311","2_copyedit","2_copyedit"
"1312","2_copyedit","2_copyedit"
"1313","3_general","4_specific"
"1314","4_specific","3_general"
"1315","4_specific","3_general"
"1316","3_general","4_specific"
"1317","2_copyedit","6_holistic"
"1318","2_copyedit","2_copyedit"
"1319","2_copyedit","3_general"
"1320","3_general","4_specific"
"1321","3_general","3_general"
"1322","4_specific","2_copyedit"
"1323","3_general","3_general"
"1324","3_general","4_specific"
"1325","4_specific","4_specific"
"1326","4_specific","4_specific"
"1327","6_holistic","4_specific"
"1328","2_copyedit","2_copyedit"
"1329","2_copyedit","4_specific"
"1330","4_specific","4_specific"
"1331","1_pointer","2_copyedit"
"1332","4_specific","2_copyedit"
"1333","2_copyedit","2_copyedit"
"1334","3_general","3_general"
"1335","2_copyedit","4_specific"
"1336","2_copyedit","2_copyedit"
"1337","4_specific","3_general"
"1338","4_specific","4_specific"
"1339","2_copyedit","4_specific"
"1340","3_general","3_general"
"1341","2_copyedit","2_copyedit"
"1342","2_copyedit","2_copyedit"
"1343","3_general","3_general"
"1344","4_specific","4_specific"
"1345","2_copyedit","4_specific"
"1346","1_pointer","2_copyedit"
"1347","4_specific","4_specific"
"1348","3_general","3_general"
"1349","4_specific","4_specific"
"1350","4_specific","4_specific"
"1351","4_specific","2_copyedit"
"1352","4_specific","4_specific"
"1353","2_copyedit","3_general"
"1354","2_copyedit","2_copyedit"
"1355","4_specific","4_specific"
"1356","4_specific","2_copyedit"
"1357","2_copyedit","4_specific"
"1358","3_general","2_copyedit"
"1359","2_copyedit","4_specific"
"1360","1_pointer","8_nobasis"
"1361","3_general","3_general"
"1362","2_copyedit","4_specific"
"1363","2_copyedit","2_copyedit"
"1364","3_general","3_general"
"1365","4_specific","4_specific"
"1366","2_copyedit","2_copyedit"
"1367","3_general","3_general"
"1368","2_copyedit","3_general"
"1369","4_specific","4_specific"
"1370","2_copyedit","2_copyedit"
"1371","3_general","4_specific"
"1372","4_specific","6_holistic"
"1373","4_specific","3_general"
"1374","1_pointer","2_copyedit"
"1375","4_specific","2_copyedit"
"1376","4_specific","2_copyedit"
"1377","1_pointer","8_nobasis"
"1378","2_copyedit","4_specific"
"1379","2_copyedit","2_copyedit"
"1380","2_copyedit","4_specific"
"1381","4_specific","4_specific"
"1382","4_specific","4_specific"
"1383","2_copyedit","2_copyedit"
"1384","1_pointer","2_copyedit"
"1385","2_copyedit","4_specific"
"1386","6_holistic","6_holistic"
"1387","4_specific","4_specific"
"1388","2_copyedit","4_specific"
"1389","4_specific","4_specific"
"1390","4_specific","4_specific"
"1391","2_copyedit","2_copyedit"
"1392","1_pointer","2_copyedit"
"1393","2_copyedit","2_copyedit"
"1394","2_copyedit","4_specific"
"1395","6_holistic","4_specific"
"1396","6_holistic","6_holistic"
"1397","2_copyedit","3_general"
"1398","3_general","3_general"
"1399","2_copyedit","3_general"
"1400","3_general","3_general"
"1401","4_specific","2_copyedit"
"1402","2_copyedit","2_copyedit"
"1403","3_general","3_general"
"1404","2_copyedit","3_general"
"1405","2_copyedit","2_copyedit"
"1406","3_general","3_general"
"1407","2_copyedit","2_copyedit"
"1408","1_pointer","2_copyedit"
"1409","2_copyedit","4_specific"
"1410","2_copyedit","2_copyedit"
"1411","3_general","3_general"
"1412","3_general","2_copyedit"
"1413","4_specific","4_specific"
"1414","2_copyedit","2_copyedit"
"1415","8_nobasis","8_nobasis"
"1416","4_specific","4_specific"
"1417","2_copyedit","2_copyedit"
"1418","2_copyedit","2_copyedit"
"1419","3_general","3_general"
"1420","3_general","3_general"
"1421","6_holistic","3_general"
"1422","1_pointer","3_general"
"1423","3_general","2_copyedit"
"1424","1_pointer","6_holistic"
"1425","4_specific","4_specific"
"1426","2_copyedit","2_copyedit"
"1427","3_general","4_specific"
"1428","2_copyedit","2_copyedit"
"1429","3_general","3_general"
"1430","1_pointer","2_copyedit"
"1431","3_general","3_general"
"1432","3_general","4_specific"
"1433","6_holistic","4_specific"
"1434","8_nobasis","2_copyedit"
"1435","1_pointer","2_copyedit"
"1436","1_pointer","4_specific"
"1437","4_specific","4_specific"
"1438","2_copyedit","2_copyedit"
"1439","2_copyedit","4_specific"
"1440","4_specific","6_holistic"
"1441","3_general","3_general"
"1442","6_holistic","2_copyedit"
"1443","4_specific","6_holistic"
"1444","2_copyedit","2_copyedit"
"1445","2_copyedit","2_copyedit"
"1446","2_copyedit","4_specific"
"1447","4_specific","4_specific"
"1448","2_copyedit","2_copyedit"
"1449","4_specific","3_general"
"1450","4_specific","4_specific"
"1451","4_specific","4_specific"
"1452","2_copyedit","2_copyedit"
"1453","4_specific","3_general"
"1454","4_specific","4_specific"
"1455","4_specific","4_specific"
"1456","3_general","4_specific"
"1457","2_copyedit","2_copyedit"
"1458","4_specific","4_specific"
"1459","4_specific","4_specific"
"1460","2_copyedit","4_specific"
"1461","3_general","2_copyedit"
"1462","6_holistic","4_specific"
"1463","2_copyedit","4_specific"
"1464","4_specific","2_copyedit"
"1465","2_copyedit","2_copyedit"
"1466","4_specific","4_specific"
"1467","4_specific","6_holistic"
"1468","4_specific","4_specific"
"1469","4_specific","4_specific"
"1470","6_holistic","4_specific"
"1471","3_general","3_general"
"1472","3_general","3_general"
"1473","4_specific","4_specific"
"1474","4_specific","4_specific"
"1475","4_specific","6_holistic"
"1476","3_general","3_general"
"1477","2_copyedit","2_copyedit"
"1478","4_specific","4_specific"
"1479","2_copyedit","4_specific"
"1480","4_specific","4_specific"
"1481","2_copyedit","2_copyedit"
"1482","4_specific","2_copyedit"
"1483","3_general","3_general"
"1484","2_copyedit","3_general"
"1485","2_copyedit","2_copyedit"
"1486","4_specific","6_holistic"
"1487","4_specific","4_specific"
"1488","2_copyedit","3_general"
"1489","3_general","3_general"
"1490","2_copyedit","4_specific"
"1491","4_specific","4_specific"
"1492","1_pointer","1_pointer"
"1493","2_copyedit","2_copyedit"
"1494","3_general","3_general"
"1495","4_specific","4_specific"
"1496","2_copyedit","4_specific"
"1497","4_specific","4_specific"
"1498","4_specific","4_specific"
"1499","2_copyedit","2_copyedit"
"1500","2_copyedit","2_copyedit"
"1501","2_copyedit","3_general"
"1502","2_copyedit","2_copyedit"
"1503","2_copyedit","4_specific"
"1504","4_specific","4_specific"
"1505","1_pointer","2_copyedit"
"1506","4_specific","4_specific"
"1507","3_general","4_specific"
"1508","2_copyedit","2_copyedit"
"1509","2_copyedit","4_specific"
"1510","2_copyedit","2_copyedit"
"1511","4_specific","4_specific"
"1512","6_holistic","4_specific"
"1513","4_specific","3_general"
"1514","4_specific","4_specific"
"1515","2_copyedit","2_copyedit"
"1516","4_specific","4_specific"
"1517","6_holistic","3_general"
"1518","2_copyedit","2_copyedit"
"1519","4_specific","4_specific"
"1520","2_copyedit","4_specific"
"1521","2_copyedit","2_copyedit"
"1522","1_pointer","2_copyedit"
"1523","2_copyedit","2_copyedit"
"1524","4_specific","4_specific"
"1525","2_copyedit","2_copyedit"
"1526","4_specific","4_specific"
"1527","4_specific","4_specific"
"1528","2_copyedit","4_specific"
"1529","2_copyedit","4_specific"
"1530","1_pointer","2_copyedit"
"1531","2_copyedit","2_copyedit"
"1532","2_copyedit","2_copyedit"
"1533","4_specific","4_specific"
"1534","4_specific","4_specific"
"1535","2_copyedit","3_general"
"1536","2_copyedit","4_specific"
"1537","4_specific","4_specific"
"1538","2_copyedit","3_general"
"1539","2_copyedit","2_copyedit"
"1540","2_copyedit","2_copyedit"
"1541","3_general","4_specific"
"1542","8_nobasis","4_specific"
"1543","2_copyedit","4_specific"
"1544","4_specific","4_specific"
"1545","1_pointer","2_copyedit"
"1546","2_copyedit","4_specific"
"1547","3_general","3_general"
"1548","1_pointer","1_pointer"
"1549","2_copyedit","1_pointer"
"1550","4_specific","4_specific"
"1551","2_copyedit","2_copyedit"
"1552","3_general","3_general"
"1553","2_copyedit","4_specific"
"1554","2_copyedit","2_copyedit"
"1555","2_copyedit","3_general"
"1556","4_specific","4_specific"
"1557","1_pointer","2_copyedit"
"1558","4_specific","4_specific"
"1559","3_general","4_specific"
"1560","3_general","3_general"
"1561","4_specific","4_specific"
"1562","4_specific","4_specific"
"1563","2_copyedit","2_copyedit"
"1564","4_specific","4_specific"
"1565","3_general","3_general"
"1566","3_general","3_general"
"1567","2_copyedit","2_copyedit"
"1568","2_copyedit","2_copyedit"
"1569","4_specific","4_specific"
"1570","1_pointer","6_holistic"
"1571","4_specific","4_specific"
"1572","4_specific","4_specific"
"1573","4_specific","4_specific"
"1574","3_general","3_general"
"1575","4_specific","4_specific"
"1576","2_copyedit","2_copyedit"
"1577","3_general","4_specific"
"1578","2_copyedit","4_specific"
"1579","2_copyedit","4_specific"
"1580","3_general","3_general"
"1581","4_specific","4_specific"
"1582","4_specific","4_specific"
"1583","3_general","2_copyedit"
"1584","2_copyedit","2_copyedit"
"1585","4_specific","4_specific"
"1586","4_specific","3_general"
"1587","1_pointer","2_copyedit"
"1588","2_copyedit","2_copyedit"
"1589","3_general","3_general"
"1590","4_specific","4_specific"
"1591","2_copyedit","3_general"
"1592","2_copyedit","3_general"
"1593","4_specific","3_general"
"1594","2_copyedit","4_specific"
"1595","1_pointer","1_pointer"
"1596","1_pointer","2_copyedit"
"1597","3_general","3_general"
"1598","6_holistic","4_specific"
"1599","2_copyedit","2_copyedit"
"1600","2_copyedit","2_copyedit"
"1601","2_copyedit","2_copyedit"
"1602","4_specific","4_specific"
"1603","2_copyedit","2_copyedit"
"1604","2_copyedit","3_general"
"1605","1_pointer","2_copyedit"
"1606","4_specific","4_specific"
"1607","3_general","3_general"
"1608","4_specific","4_specific"
"1609","4_specific","3_general"
"1610","4_specific","4_specific"
"1611","2_copyedit","2_copyedit"
"1612","1_pointer","2_copyedit"
"1613","2_copyedit","2_copyedit"
"1614","3_general","4_specific"
"1615","2_copyedit","2_copyedit"
"1616","4_specific","4_specific"
"1617","1_pointer","2_copyedit"
"1618","2_copyedit","2_copyedit"
"1619","4_specific","2_copyedit"
"1620","2_copyedit","2_copyedit"
"1621","2_copyedit","2_copyedit"
"1622","2_copyedit","4_specific"
"1623","4_specific","4_specific"
"1624","4_specific","4_specific"
"1625","2_copyedit","3_general"
"1626","2_copyedit","2_copyedit"
"1627","2_copyedit","2_copyedit"
"1628","4_specific","4_specific"
"1629","2_copyedit","2_copyedit"
"1630","2_copyedit","2_copyedit"
"1631","2_copyedit","2_copyedit"
"1632","3_general","3_general"
"1633","3_general","3_general"
"1634","3_general","2_copyedit"
"1635","4_specific","4_specific"
"1636","6_holistic","6_holistic"
"1637","6_holistic","4_specific"
"1638","4_specific","4_specific"
"1639","3_general","3_general"
"1640","3_general","2_copyedit"
"1641","2_copyedit","2_copyedit"
"1642","3_general","3_general"
"1643","2_copyedit","3_general"
"1644","4_specific","4_specific"
"1645","2_copyedit","1_pointer"
"1646","2_copyedit","2_copyedit"
"1647","3_general","3_general"
"1648","1_pointer","2_copyedit"
"1649","2_copyedit","2_copyedit"
"1650","4_specific","4_specific"
"1651","2_copyedit","2_copyedit"
"1652","4_specific","4_specific"
"1653","2_copyedit","4_specific"
"1654","1_pointer","2_copyedit"
"1655","4_specific","4_specific"
"1656","4_specific","4_specific"
"1657","2_copyedit","4_specific"
"1658","3_general","4_specific"
"1659","4_specific","3_general"
"1660","3_general","3_general"
"1661","1_pointer","2_copyedit"
"1662","3_general","3_general"
"1663","4_specific","2_copyedit"
"1664","2_copyedit","4_specific"
"1665","3_general","3_general"
"1666","2_copyedit","4_specific"
"1667","4_specific","4_specific"
"1668","3_general","4_specific"
"1669","4_specific","4_specific"
"1670","2_copyedit","2_copyedit"
"1671","2_copyedit","3_general"
"1672","4_specific","2_copyedit"
"1673","1_pointer","2_copyedit"
"1674","4_specific","4_specific"
"1675","3_general","4_specific"
"1676","2_copyedit","2_copyedit"
"1677","2_copyedit","4_specific"
"1678","4_specific","4_specific"
"1679","2_copyedit","3_general"
"1680","4_specific","4_specific"
"1681","1_pointer","4_specific"
"1682","3_general","4_specific"
"1683","2_copyedit","2_copyedit"
"1684","2_copyedit","2_copyedit"
"1685","2_copyedit","2_copyedit"
"1686","2_copyedit","4_specific"
"1687","2_copyedit","3_general"
"1688","2_copyedit","4_specific"
"1689","2_copyedit","4_specific"
"1690","2_copyedit","2_copyedit"
"1691","6_holistic","4_specific"
"1692","3_general","4_specific"
"1693","4_specific","4_specific"
"1694","2_copyedit","2_copyedit"
"1695","4_specific","2_copyedit"
"1696","2_copyedit","6_holistic"
"1697","2_copyedit","8_nobasis"
"1698","2_copyedit","4_specific"
"1699","2_copyedit","4_specific"
"1700","4_specific","6_holistic"
"1701","2_copyedit","2_copyedit"
"1702","2_copyedit","2_copyedit"
"1703","4_specific","2_copyedit"
"1704","4_specific","4_specific"
"1705","3_general","4_specific"
"1706","3_general","4_specific"
"1707","4_specific","3_general"
"1708","2_copyedit","2_copyedit"
"1709","6_holistic","6_holistic"
"1710","4_specific","4_specific"
"1711","2_copyedit","2_copyedit"
"1712","2_copyedit","2_copyedit"
"1713","2_copyedit","2_copyedit"
"1714","3_general","4_specific"
"1715","2_copyedit","6_holistic"
"1716","4_specific","4_specific"
"1717","2_copyedit","2_copyedit"
"1718","2_copyedit","4_specific"
"1719","4_specific","4_specific"
"1720","2_copyedit","2_copyedit"
"1721","1_pointer","2_copyedit"
"1722","4_specific","6_holistic"
"1723","4_specific","4_specific"
"1724","2_copyedit","2_copyedit"
"1725","4_specific","4_specific"
"1726","1_pointer","2_copyedit"
"1727","2_copyedit","4_specific"
"1728","2_copyedit","3_general"
"1729","3_general","3_general"
"1730","4_specific","2_copyedit"
"1731","2_copyedit","2_copyedit"
"1732","4_specific","4_specific"
"1733","2_copyedit","4_specific"
"1734","4_specific","4_specific"
"1735","3_general","3_general"
"1736","2_copyedit","4_specific"
"1737","3_general","3_general"
"1738","2_copyedit","2_copyedit"
"1739","1_pointer","2_copyedit"
"1740","2_copyedit","2_copyedit"
"1741","3_general","4_specific"
"1742","4_specific","4_specific"
"1743","1_pointer","3_general"
"1744","4_specific","2_copyedit"
"1745","4_specific","2_copyedit"
"1746","3_general","4_specific"
"1747","2_copyedit","2_copyedit"
"1748","4_specific","2_copyedit"
"1749","4_specific","6_holistic"
"1750","2_copyedit","2_copyedit"
"1751","4_specific","4_specific"
"1752","2_copyedit","3_general"
"1753","4_specific","4_specific"
"1754","2_copyedit","2_copyedit"
"1755","3_general","2_copyedit"
"1756","4_specific","4_specific"
"1757","1_pointer","2_copyedit"
"1758","4_specific","3_general"
"1759","3_general","3_general"
"1760","2_copyedit","2_copyedit"
"1761","4_specific","4_specific"
"1762","4_specific","4_specific"
"1763","4_specific","2_copyedit"
"1764","3_general","3_general"
"1765","4_specific","4_specific"
"1766","2_copyedit","2_copyedit"
"1767","2_copyedit","2_copyedit"
"1768","2_copyedit","2_copyedit"
"1769","1_pointer","2_copyedit"
"1770","4_specific","4_specific"
"1771","3_general","2_copyedit"
"1772","1_pointer","2_copyedit"
"1773","3_general","3_general"
"1774","2_copyedit","2_copyedit"
"1775","2_copyedit","2_copyedit"
"1776","2_copyedit","2_copyedit"
"1777","2_copyedit","2_copyedit"
"1778","1_pointer","8_nobasis"
"1779","4_specific","4_specific"
"1780","2_copyedit","4_specific"
"1781","2_copyedit","4_specific"
"1782","1_pointer","1_pointer"
"1783","2_copyedit","2_copyedit"
"1784","6_holistic","3_general"
"1785","6_holistic","3_general"
"1786","1_pointer","4_specific"
"1787","2_copyedit","2_copyedit"
"1788","3_general","3_general"
"1789","2_copyedit","2_copyedit"
"1790","1_pointer","4_specific"
"1791","4_specific","4_specific"
"1792","4_specific","3_general"
"1793","4_specific","4_specific"
"1794","1_pointer","2_copyedit"
"1795","4_specific","6_holistic"
"1796","4_specific","4_specific"
"1797","2_copyedit","4_specific"
"1798","4_specific","4_specific"
"1799","3_general","3_general"
"1800","4_specific","3_general"
"1801","4_specific","4_specific"
"1802","3_general","3_general"
"1803","4_specific","4_specific"
"1804","4_specific","4_specific"
"1805","2_copyedit","2_copyedit"
"1806","6_holistic","6_holistic"
"1807","2_copyedit","3_general"
"1808","2_copyedit","4_specific"
"1809","2_copyedit","2_copyedit"
"1810","3_general","3_general"
"1811","4_specific","4_specific"
"1812","3_general","4_specific"
"1813","6_holistic","6_holistic"
"1814","4_specific","2_copyedit"
"1815","2_copyedit","2_copyedit"
"1816","2_copyedit","2_copyedit"
"1817","4_specific","2_copyedit"
"1818","4_specific","4_specific"
"1819","3_general","4_specific"
"1820","4_specific","4_specific"
"1821","6_holistic","4_specific"
"1822","3_general","3_general"
"1823","2_copyedit","2_copyedit"
"1824","4_specific","4_specific"
"1825","2_copyedit","2_copyedit"
"1826","4_specific","4_specific"
"1827","2_copyedit","2_copyedit"
"1828","2_copyedit","4_specific"
"1829","3_general","3_general"
"1830","3_general","3_general"
"1831","4_specific","4_specific"
"1832","4_specific","4_specific"
"1833","4_specific","4_specific"
"1834","4_specific","4_specific"
"1835","3_general","3_general"
"1836","2_copyedit","3_general"
"1837","4_specific","4_specific"
"1838","4_specific","4_specific"
"1839","3_general","3_general"
"1840","2_copyedit","4_specific"
"1841","2_copyedit","2_copyedit"
"1842","4_specific","3_general"
"1843","6_holistic","4_specific"
"1844","2_copyedit","2_copyedit"
"1845","2_copyedit","2_copyedit"
"1846","2_copyedit","3_general"
"1847","4_specific","4_specific"
"1848","1_pointer","2_copyedit"
"1849","2_copyedit","2_copyedit"
"1850","4_specific","3_general"
"1851","4_specific","4_specific"
"1852","2_copyedit","2_copyedit"
"1853","2_copyedit","4_specific"
"1854","2_copyedit","2_copyedit"
"1855","3_general","4_specific"
"1856","1_pointer","1_pointer"
"1857","2_copyedit","2_copyedit"
"1858","4_specific","4_specific"
"1859","2_copyedit","4_specific"
"1860","4_specific","4_specific"
"1861","3_general","3_general"
"1862","6_holistic","6_holistic"
"1863","3_general","3_general"
"1864","3_general","3_general"
"1865","3_general","3_general"
"1866","3_general","4_specific"
"1867","3_general","3_general"
"1868","2_copyedit","2_copyedit"
"1869","4_specific","4_specific"
"1870","4_specific","4_specific"
"1871","4_specific","2_copyedit"
"1872","2_copyedit","4_specific"
"1873","2_copyedit","2_copyedit"
"1874","3_general","3_general"
"1875","4_specific","4_specific"
"1876","4_specific","4_specific"
"1877","3_general","3_general"
"1878","3_general","3_general"
"1879","4_specific","4_specific"
"1880","2_copyedit","6_holistic"
"1881","2_copyedit","4_specific"
"1882","4_specific","4_specific"
"1883","3_general","3_general"
"1884","4_specific","4_specific"
"1885","6_holistic","3_general"
"1886","2_copyedit","4_specific"
"1887","4_specific","3_general"
"1888","2_copyedit","2_copyedit"
"1889","3_general","3_general"
"1890","4_specific","4_specific"
"1891","2_copyedit","3_general"
"1892","3_general","3_general"
"1893","4_specific","4_specific"
"1894","6_holistic","3_general"
"1895","1_pointer","2_copyedit"
"1896","1_pointer","4_specific"
"1897","2_copyedit","4_specific"
"1898","4_specific","4_specific"
"1899","4_specific","4_specific"
"1900","4_specific","4_specific"
"1901","3_general","4_specific"
"1902","4_specific","2_copyedit"
"1903","2_copyedit","2_copyedit"
"1904","4_specific","2_copyedit"
"1905","2_copyedit","2_copyedit"
"1906","4_specific","4_specific"
"1907","3_general","3_general"
"1908","1_pointer","3_general"
"1909","6_holistic","4_specific"
"1910","2_copyedit","4_specific"
"1911","2_copyedit","2_copyedit"
"1912","3_general","7_idiomatic"
"1913","2_copyedit","3_general"
"1914","2_copyedit","2_copyedit"
"1915","2_copyedit","4_specific"
"1916","6_holistic","4_specific"
"1917","4_specific","4_specific"
"1918","3_general","3_general"
"1919","6_holistic","6_holistic"
"1920","4_specific","4_specific"
"1921","4_specific","4_specific"
"1922","2_copyedit","2_copyedit"
"1923","3_general","4_specific"
"1924","2_copyedit","4_specific"
"1925","2_copyedit","2_copyedit"
"1926","2_copyedit","2_copyedit"
"1927","2_copyedit","4_specific"
"1928","4_specific","4_specific"
"1929","3_general","2_copyedit"
"1930","3_general","3_general"
"1931","4_specific","4_specific"
"1932","4_specific","4_specific"
"1933","4_specific","4_specific"
"1934","2_copyedit","4_specific"
"1935","4_specific","4_specific"
"1936","2_copyedit","2_copyedit"
"1937","3_general","2_copyedit"
"1938","2_copyedit","2_copyedit"
"1939","4_specific","4_specific"
"1940","4_specific","4_specific"
"1941","1_pointer","1_pointer"
"1942","2_copyedit","2_copyedit"
"1943","4_specific","4_specific"
"1944","4_specific","4_specific"
"1945","4_specific","4_specific"
"1946","2_copyedit","4_specific"
"1947","2_copyedit","2_copyedit"
"1948","2_copyedit","2_copyedit"
"1949","2_copyedit","2_copyedit"
"1950","2_copyedit","2_copyedit"
"1951","4_specific","2_copyedit"
"1952","3_general","4_specific"
"1953","4_specific","3_general"
"1954","3_general","3_general"
"1955","3_general","3_general"
"1956","4_specific","4_specific"
"1957","2_copyedit","2_copyedit"
"1958","4_specific","4_specific"
"1959","3_general","2_copyedit"
"1960","2_copyedit","2_copyedit"
"1961","3_general","3_general"
"1962","6_holistic","4_specific"
"1963","2_copyedit","2_copyedit"
"1964","6_holistic","4_specific"
"1965","2_copyedit","3_general"
"1966","2_copyedit","4_specific"
"1967","2_copyedit","2_copyedit"
"1968","4_specific","3_general"
"1969","2_copyedit","8_nobasis"
"1970","4_specific","6_holistic"
"1971","2_copyedit","2_copyedit"
"1972","2_copyedit","4_specific"
"1973","2_copyedit","2_copyedit"
"1974","2_copyedit","2_copyedit"
"1975","4_specific","4_specific"
"1976","4_specific","4_specific"
"1977","3_general","3_general"
"1978","4_specific","4_specific"
"1979","3_general","2_copyedit"
"1980","4_specific","4_specific"
"1981","2_copyedit","4_specific"
"1982","6_holistic","6_holistic"
"1983","2_copyedit","2_copyedit"
"1984","4_specific","4_specific"
"1985","1_pointer","4_specific"
"1986","2_copyedit","4_specific"
"1987","2_copyedit","4_specific"
"1988","2_copyedit","2_copyedit"
"1989","2_copyedit","2_copyedit"
"1990","3_general","3_general"
"1991","4_specific","6_holistic"
"1992","3_general","4_specific"
"1993","2_copyedit","2_copyedit"
"1994","2_copyedit","2_copyedit"
"1995","4_specific","4_specific"
"1996","4_specific","3_general"
"1997","2_copyedit","2_copyedit"
"1998","2_copyedit","2_copyedit"
"1999","3_general","3_general"
"2000","3_general","3_general"
"2001","2_copyedit","2_copyedit"
"2002","6_holistic","4_specific"
"2003","2_copyedit","4_specific"
"2004","3_general","3_general"
"2005","4_specific","2_copyedit"
"2006","4_specific","4_specific"
"2007","4_specific","4_specific"
"2008","2_copyedit","3_general"
"2009","4_specific","4_specific"
"2010","2_copyedit","2_copyedit"
"2011","2_copyedit","4_specific"
"2012","4_specific","6_holistic"
"2013","4_specific","4_specific"
"2014","6_holistic","4_specific"
"2015","3_general","3_general"
"2016","2_copyedit","2_copyedit"
"2017","4_specific","4_specific"
"2018","2_copyedit","2_copyedit"
"2019","2_copyedit","2_copyedit"
"2020","2_copyedit","2_copyedit"
"2021","2_copyedit","2_copyedit"
"2022","1_pointer","4_specific"
"2023","2_copyedit","2_copyedit"
"2024","3_general","4_specific"
"2025","3_general","3_general"
"2026","3_general","8_nobasis"
"2027","3_general","4_specific"
"2028","4_specific","4_specific"
"2029","3_general","3_general"
"2030","1_pointer","2_copyedit"
"2031","2_copyedit","4_specific"
"2032","3_general","4_specific"
"2033","3_general","3_general"
"2034","4_specific","4_specific"
"2035","2_copyedit","2_copyedit"
"2036","3_general","3_general"
"2037","2_copyedit","4_specific"
"2038","1_pointer","1_pointer"
"2039","2_copyedit","4_specific"
"2040","4_specific","3_general"
"2041","3_general","3_general"
"2042","4_specific","4_specific"
"2043","4_specific","4_specific"
"2044","1_pointer","2_copyedit"
"2045","2_copyedit","2_copyedit"
"2046","4_specific","3_general"
"2047","2_copyedit","2_copyedit"
"2048","2_copyedit","4_specific"
"2049","2_copyedit","4_specific"
"2050","4_specific","4_specific"
"2051","4_specific","4_specific"
"2052","2_copyedit","8_nobasis"
"2053","2_copyedit","4_specific"
"2054","4_specific","2_copyedit"
"2055","2_copyedit","2_copyedit"
"2056","1_pointer","4_specific"
"2057","3_general","2_copyedit"
"2058","2_copyedit","4_specific"
"2059","3_general","3_general"
"2060","3_general","3_general"
"2061","8_nobasis","2_copyedit"
"2062","4_specific","3_general"
"2063","2_copyedit","2_copyedit"
"2064","2_copyedit","3_general"
"2065","1_pointer","2_copyedit"
"2066","2_copyedit","2_copyedit"
"2067","2_copyedit","4_specific"
"2068","4_specific","4_specific"
"2069","3_general","4_specific"
"2070","3_general","2_copyedit"
"2071","2_copyedit","2_copyedit"
"2072","2_copyedit","2_copyedit"
"2073","4_specific","4_specific"
"2074","4_specific","4_specific"
"2075","1_pointer","2_copyedit"
"2076","4_specific","4_specific"
"2077","2_copyedit","3_general"
"2078","2_copyedit","2_copyedit"
"2079","4_specific","4_specific"
"2080","3_general","3_general"
"2081","3_general","4_specific"
"2082","2_copyedit","4_specific"
"2083","2_copyedit","2_copyedit"
"2084","2_copyedit","4_specific"
"2085","1_pointer","2_copyedit"
"2086","3_general","3_general"
"2087","2_copyedit","2_copyedit"
"2088","3_general","4_specific"
"2089","2_copyedit","4_specific"
"2090","6_holistic","6_holistic"
"2091","4_specific","3_general"
"2092","4_specific","3_general"
"2093","3_general","3_general"
"2094","2_copyedit","4_specific"
"2095","3_general","4_specific"
"2096","3_general","3_general"
"2097","2_copyedit","2_copyedit"
"2098","2_copyedit","2_copyedit"
"2099","2_copyedit","3_general"
"2100","2_copyedit","4_specific"
"2101","2_copyedit","4_specific"
"2102","4_specific","6_holistic"
"2103","2_copyedit","2_copyedit"
"2104","6_holistic","4_specific"
"2105","1_pointer","1_pointer"
"2106","3_general","4_specific"
"2107","2_copyedit","2_copyedit"
"2108","4_specific","4_specific"
"2109","2_copyedit","2_copyedit"
"2110","6_holistic","4_specific"
"2111","4_specific","4_specific"
"2112","1_pointer","4_specific"
"2113","2_copyedit","2_copyedit"
"2114","1_pointer","1_pointer"
"2115","2_copyedit","2_copyedit"
"2116","2_copyedit","2_copyedit"
"2117","4_specific","4_specific"
"2118","4_specific","4_specific"
"2119","2_copyedit","2_copyedit"
"2120","4_specific","4_specific"
"2121","2_copyedit","2_copyedit"
"2122","2_copyedit","2_copyedit"
"2123","4_specific","4_specific"
"2124","4_specific","4_specific"
"2125","4_specific","4_specific"
"2126","3_general","4_specific"
"2127","4_specific","4_specific"
"2128","3_general","3_general"
"2129","2_copyedit","2_copyedit"
"2130","2_copyedit","2_copyedit"
"2131","6_holistic","4_specific"
"2132","3_general","3_general"
"2133","2_copyedit","3_general"
"2134","4_specific","4_specific"
"2135","3_general","3_general"
"2136","3_general","3_general"
"2137","2_copyedit","4_specific"
"2138","6_holistic","4_specific"
"2139","3_general","3_general"
"2140","4_specific","4_specific"
"2141","2_copyedit","4_specific"
"2142","3_general","3_general"
"2143","6_holistic","6_holistic"
"2144","2_copyedit","2_copyedit"
"2145","2_copyedit","4_specific"
"2146","3_general","3_general"
"2147","3_general","3_general"
"2148","3_general","3_general"
"2149","2_copyedit","4_specific"
"2150","4_specific","4_specific"
"2151","4_specific","3_general"
"2152","2_copyedit","2_copyedit"
"2153","6_holistic","4_specific"
"2154","3_general","3_general"
"2155","3_general","2_copyedit"
"2156","2_copyedit","4_specific"
"2157","4_specific","6_holistic"
"2158","2_copyedit","2_copyedit"
"2159","2_copyedit","2_copyedit"
"2160","6_holistic","4_specific"
"2161","4_specific","4_specific"
"2162","4_specific","4_specific"
"2163","2_copyedit","3_general"
"2164","6_holistic","4_specific"
"2165","2_copyedit","3_general"
"2166","8_nobasis","8_nobasis"
"2167","3_general","3_general"
"2168","4_specific","4_specific"
"2169","2_copyedit","2_copyedit"
"2170","2_copyedit","4_specific"
"2171","4_specific","4_specific"
"2172","2_copyedit","4_specific"
"2173","4_specific","4_specific"
"2174","4_specific","3_general"
"2175","4_specific","4_specific"
"2176","2_copyedit","3_general"
"2177","2_copyedit","2_copyedit"
"2178","2_copyedit","2_copyedit"
"2179","6_holistic","4_specific"
"2180","1_pointer","4_specific"
"2181","4_specific","4_specific"
"2182","4_specific","4_specific"
"2183","1_pointer","2_copyedit"
"2184","4_specific","4_specific"
"2185","2_copyedit","2_copyedit"
"2186","2_copyedit","2_copyedit"
"2187","3_general","3_general"
"2188","2_copyedit","2_copyedit"
"2189","1_pointer","2_copyedit"
"2190","2_copyedit","2_copyedit"
"2191","2_copyedit","3_general"
"2192","6_holistic","4_specific"
"2193","2_copyedit","4_specific"
"2194","4_specific","2_copyedit"
"2195","4_specific","4_specific"
"2196","3_general","3_general"
"2197","2_copyedit","2_copyedit"
"2198","4_specific","2_copyedit"
"2199","4_specific","4_specific"
"2200","4_specific","2_copyedit"
"2201","2_copyedit","4_specific"
"2202","3_general","2_copyedit"
"2203","2_copyedit","2_copyedit"
"2204","4_specific","2_copyedit"
"2205","2_copyedit","4_specific"
"2206","2_copyedit","2_copyedit"
"2207","4_specific","2_copyedit"
"2208","4_specific","4_specific"
"2209","3_general","3_general"
"2210","2_copyedit","2_copyedit"
"2211","4_specific","4_specific"
"2212","2_copyedit","4_specific"
"2213","4_specific","2_copyedit"
"2214","2_copyedit","2_copyedit"
"2215","3_general","3_general"
"2216","2_copyedit","4_specific"
"2217","8_nobasis","8_nobasis"
"2218","4_specific","4_specific"
"2219","6_holistic","6_holistic"
"2220","2_copyedit","2_copyedit"
"2221","4_specific","4_specific"
"2222","2_copyedit","3_general"
"2223","4_specific","4_specific"
"2224","2_copyedit","3_general"
"2225","3_general","3_general"
"2226","3_general","3_general"
"2227","3_general","4_specific"
"2228","3_general","3_general"
"2229","4_specific","2_copyedit"
"2230","2_copyedit","3_general"
"2231","3_general","3_general"
"2232","4_specific","4_specific"
"2233","6_holistic","4_specific"
"2234","4_specific","4_specific"
"2235","4_specific","4_specific"
"2236","6_holistic","6_holistic"
"2237","3_general","3_general"
"2238","1_pointer","2_copyedit"
"2239","1_pointer","4_specific"
"2240","4_specific","4_specific"
"2241","2_copyedit","2_copyedit"
"2242","3_general","3_general"
"2243","2_copyedit","2_copyedit"
"2244","2_copyedit","2_copyedit"
"2245","4_specific","4_specific"
"2246","4_specific","4_specific"
"2247","4_specific","4_specific"
"2248","4_specific","2_copyedit"
"2249","2_copyedit","2_copyedit"
"2250","4_specific","4_specific"
"2251","2_copyedit","2_copyedit"
"2252","3_general","3_general"
"2253","2_copyedit","3_general"
"2254","2_copyedit","4_specific"
"2255","4_specific","2_copyedit"
"2256","2_copyedit","2_copyedit"
"2257","2_copyedit","3_general"
"2258","4_specific","4_specific"
"2259","6_holistic","6_holistic"
"2260","3_general","3_general"
"2261","2_copyedit","8_nobasis"
"2262","4_specific","4_specific"
"2263","4_specific","2_copyedit"
"2264","4_specific","4_specific"
"2265","2_copyedit","2_copyedit"
"2266","8_nobasis","4_specific"
"2267","2_copyedit","8_nobasis"
"2268","2_copyedit","2_copyedit"
"2269","3_general","4_specific"
"2270","2_copyedit","1_pointer"
"2271","3_general","3_general"
"2272","2_copyedit","4_specific"
"2273","2_copyedit","3_general"
"2274","4_specific","4_specific"
"2275","4_specific","4_specific"
"2276","3_general","4_specific"
"2277","2_copyedit","2_copyedit"
"2278","6_holistic","4_specific"
"2279","4_specific","4_specific"
"2280","4_specific","4_specific"
"2281","2_copyedit","2_copyedit"
"2282","4_specific","4_specific"
"2283","2_copyedit","2_copyedit"
"2284","6_holistic","6_holistic"
"2285","2_copyedit","2_copyedit"
"2286","2_copyedit","4_specific"
"2287","3_general","4_specific"
"2288","4_specific","4_specific"
"2289","2_copyedit","4_specific"
"2290","4_specific","4_specific"
"2291","2_copyedit","4_specific"
"2292","4_specific","2_copyedit"
"2293","4_specific","4_specific"
"2294","2_copyedit","2_copyedit"
"2295","3_general","3_general"
"2296","8_nobasis","8_nobasis"
"2297","3_general","3_general"
"2298","4_specific","3_general"
"2299","3_general","4_specific"
"2300","3_general","3_general"
"2301","3_general","3_general"
"2302","4_specific","6_holistic"
"2303","4_specific","4_specific"
"2304","2_copyedit","2_copyedit"
"2305","2_copyedit","2_copyedit"
"2306","3_general","3_general"
"2307","6_holistic","4_specific"
"2308","3_general","4_specific"
"2309","4_specific","4_specific"
"2310","2_copyedit","2_copyedit"
"2311","2_copyedit","3_general"
"2312","2_copyedit","2_copyedit"
"2313","2_copyedit","4_specific"
"2314","6_holistic","3_general"
"2315","3_general","3_general"
"2316","2_copyedit","3_general"
"2317","4_specific","4_specific"
"2318","4_specific","4_specific"
"2319","1_pointer","1_pointer"
"2320","2_copyedit","2_copyedit"
"2321","4_specific","4_specific"
"2322","2_copyedit","2_copyedit"
"2323","3_general","2_copyedit"
"2324","4_specific","2_copyedit"
"2325","2_copyedit","4_specific"
"2326","3_general","2_copyedit"
"2327","2_copyedit","4_specific"
"2328","2_copyedit","3_general"
"2329","3_general","4_specific"
"2330","2_copyedit","2_copyedit"
"2331","4_specific","4_specific"
"2332","3_general","3_general"
"2333","4_specific","4_specific"
"2334","3_general","3_general"
"2335","3_general","3_general"
